TreeID,Species,Circumference (cm),Planters,Date of Collection,i-Tree Species ID,i-Tree Species Code,i-Tree Species Scientific Name,i-Tree Species Common Name,Tree Map Group,DBH (inches),DBH Height (ft),i-Tree Land Use,Replacement Value ($),Carbon Storage (lb),Carbon Storage ($),Gross Carbon (lb/yr),Gross Carbon ($/yr),Avoided Runoff (ft3/yr),Avoided Runoff ($/yr),Removed Pollution (oz/yr),Removed Pollution ($/yr),Total Benefits ($/yr),geometry
1,Autumn Brillance Serviceberry,7,,9/14/2022,324,AM,Amelanchier,serviceberry spp,Other,0.9,4.5,Institutional,54.75,1.9,0.16,0.9,0.08,0.3,0.02,0.1,0.04,0.14,"c(-91.6562834179619, 41.9865820071959, 229.383406350661)"
2,Autumn Brillance Serviceberry,7,,9/14/2022,324,AM,Amelanchier,serviceberry spp,Other,0.9,4.5,Institutional,54.75,1.9,0.16,0.9,0.08,0.3,0.02,0.1,0.04,0.14,"c(-91.6561881435638, 41.9865872363717, 228.764441934519)"
3,Autumn Brillance Serviceberry,6.5,,9/14/2022,324,AM,Amelanchier,serviceberry spp,Other,0.8,4.5,Institutional,54.75,1.4,0.12,0.8,0.07,0.3,0.02,0.1,0.04,0.12,"c(-91.6562351315466, 41.9866112808275, 229.192326051653)"
4,Autumn Brillance Serviceberry,8,,9/14/2022,324,AM,Amelanchier,serviceberry spp,Other,1,4.5,Institutional,54.75,2.4,0.21,1,0.09,0.4,0.02,0.2,0.04,0.16,"c(-91.6562904132506, 41.9866661393665, 229.983557024304)"
5,Ginkgo,25,,9/14/2022,3452,GIBI,Ginkgo biloba,Ginkgo,Other,3.1,4.5,Institutional,98.7,7.4,0.63,0.7,0.06,2.2,0.15,1,0.27,0.48,"c(-91.6565602051786, 41.9865085801814, 231.359266582868)"
6,European Beech,76,,9/14/2022,3313,FASY,Fagus sylvatica,European beech,Other,9.5,4.5,Institutional,1021.16,424.2,36.17,11.5,0.98,51.3,3.43,21.8,6.23,10.65,"c(-91.6566507344701, 41.9864361732031, 230.732777018119)"
7,Bur Oak,19,,9/14/2022,4926,QUMA1,Quercus macrocarpa,Bur oak,Oak,2.4,4.5,Institutional,78.3,9.5,0.81,1.1,0.1,2,0.13,0.8,0.24,0.46,"c(-91.6567699795277, 41.9863609606127, 230.309189850368)"
8,Princeton Elm,20.5,"A. Ahern, C. Karwowski, A. Welna",9/14/2022,5903,ULAM,Ulmus americana,American elm,Elm,2.6,4.5,Institutional,39.15,11.3,0.97,2.3,0.19,1.9,0.13,0.8,0.23,0.56,"c(-91.6569599249059, 41.986544734792, 231.135327728439)"
9,Norway Maple,22,,9/14/2022,1676,ACPL,Acer platanoides,Norway maple,Maple,2.8,4.5,Institutional,78.3,24,2.05,4,0.34,1.9,0.13,0.8,0.23,0.7,"c(-91.656952084906, 41.9865778688158, 231.212603192589)"
10,Ginkgo,190,,9/14/2022,3452,GIBI,Ginkgo biloba,Ginkgo,Other,23.8,4.5,Institutional,7000,1267.9,108.12,14.9,1.27,76.1,5.08,32.4,9.25,15.6,"c(-91.6568493000352, 41.9862705627653, 230.908454493131)"
11,Cathedral Elm,23.5,"N. Gehling, Z. Nowobilski",9/14/2022,5909,ULPU,Ulmus pumila,Siberian elm,Elm,2.9,4.5,Institutional,19.58,17.3,1.47,3.1,0.26,2.2,0.15,0.9,0.27,0.68,"c(-91.6569660370548, 41.986386104051, 231.724119877539)"
12,Sentry Linden,81.5,,9/14/2022,5857,TIAM,Tilia americana,American basswood,Other,10.2,4.5,Institutional,917.88,237.9,20.29,8.8,0.75,27.9,1.87,11.9,3.4,6.01,"c(-91.6569865526959, 41.9864664990708, 231.394973682828)"
13,Pin Oak,268,,9/14/2022,4952,QUPA,Quercus palustris,Pin oak,Oak,33.6,4.5,Institutional,11051.53,5074.4,432.72,62.4,5.32,229.1,15.31,97.6,27.85,48.49,"c(-91.6570182573008, 41.9866445894951, 231.623831466932)"
14,Green Ash,199,,9/14/2022,3394,FRPE,Fraxinus pennsylvanica,Green ash,Ash,24.9,4.5,Institutional,6238.73,1846.5,157.46,29.6,2.53,97.8,6.54,41.7,11.89,20.96,"c(-91.6569293595069, 41.9866769833962, 231.988428884083)"
15,Unidentified,24,,9/14/2022,,,,,Other,3,4.5,Institutional,,,,,,,,,,,"c(-91.6567936301855, 41.9867219351985, 231.34718755085)"
16,Red Oak,246,,9/14/2022,4970,QURU,Quercus rubra,Northern red oak,Oak,30.8,4.5,Institutional,9342.5,5726.7,488.35,71.7,6.11,85,5.68,36.2,10.34,22.14,"c(-91.6566522483024, 41.9865831198756, 230.825555709955)"
17,Autumn Brillance Serviceberry,8,,9/14/2022,324,AM,Amelanchier,serviceberry spp,Other,1,4.5,Institutional,54.75,2.4,0.21,1,0.09,0.4,0.02,0.2,0.04,0.16,"c(-91.6563974824066, 41.9865917858038, 230.945076697775)"
18,Japanese Maple,59,,9/21/2022,1674,ACPA,Acer palmatum,Japanese maple,Maple,7.4,4.5,Institutional,546.63,166.3,14.18,5.6,0.48,7.7,0.52,3.3,0.94,1.94,"c(-91.6571563610502, 41.9866768109022, 231.362913728687)"
19,Bur Oak,21.5,"R. Dufoe, A. Montalbano, B. Sanfort",9/21/2022,4926,QUMA1,Quercus macrocarpa,Bur oak,Oak,2.7,4.5,Institutional,78.3,12.7,1.08,1.3,0.11,2.3,0.15,1,0.28,0.55,"c(-91.6572007942888, 41.9865819956341, 231.246157021083)"
20,Dogwood,5,,9/21/2022,2572,CODR,Cornus drummondii,Roughleaf dogwood,Other,0.6,4.5,Institutional,54.75,0.7,0.06,0.6,0.05,0.4,0.03,0.2,0.05,0.12,"c(-91.6574156193679, 41.9866300039457, 230.652758664504)"
21,Swamp White Oak,29,,9/21/2022,4839,QUBI,Quercus bicolor,Swamp white oak,Oak,3.6,4.5,Institutional,106.48,71.9,6.13,7.8,0.66,3.2,0.21,1.4,0.39,1.27,"c(-91.6574993820415, 41.9866414742104, 230.235059877556)"
22,Bur Oak,18,,9/21/2022,4926,QUMA1,Quercus macrocarpa,Bur oak,Oak,2.3,4.5,Institutional,78.3,8.5,0.73,1.1,0.09,1.8,0.12,0.8,0.22,0.44,"c(-91.6575228869998, 41.9865855741583, 230.255445149183)"
23,Swamp White Oak,27,,9/21/2022,4839,QUBI,Quercus bicolor,Swamp white oak,Oak,3.4,4.5,Institutional,94.98,64.7,5.52,7.4,0.63,2.9,0.19,1.2,0.35,1.17,"c(-91.6576446098116, 41.9865779824386, 230.415604601145)"
24,Tulip Tree,22,,9/21/2022,3852,LITU,Liriodendron tulipifera,Tulip tree,Other,2.8,4.5,Institutional,78.3,13.9,1.18,2.6,0.22,2.8,0.19,1.2,0.34,0.75,"c(-91.6576773282287, 41.9865019512335, 230.621426483104)"
25,Black Maple,171,,9/21/2022,1673,ACNI,Acer nigrum,Black maple,Maple,21.4,4.5,Institutional,3584.08,2522.5,215.11,41.7,3.56,85.7,5.73,36.5,10.42,19.71,"c(-91.6575929428357, 41.9863744942149, 230.845988447977)"
26,Crabapple,21,,9/21/2022,3995,PYIO,Malus ioensis,Prairie crabapple,Crabapple,2.6,4.5,Institutional,54.75,15.3,1.3,2.4,0.2,1.4,0.1,0.6,0.17,0.47,"c(-91.6574652367121, 41.9865213840735, 230.650013064374)"
27,Black Oak,113.5,,9/21/2022,5001,QUVE,Quercus velutina,Black oak,Oak,14.2,4.5,Institutional,2074.76,1187.4,101.26,31.7,2.7,50.4,3.37,21.5,6.12,12.19,"c(-91.6577940862203, 41.9865488301881, 230.252984786455)"
28,Pin Oak,190.5,,9/21/2022,4952,QUPA,Quercus palustris,Pin oak,Oak,23.9,4.5,Institutional,5748.56,2569.9,219.15,44.4,3.79,127.7,8.54,54.4,15.53,27.85,"c(-91.657880644877, 41.9865127548417, 230.143097491303)"
29,Common Hackberry,249,,9/21/2022,2302,CEOC,Celtis occidentalis,Northern hackberry,Other,31.2,4.5,Institutional,9590.76,595.3,50.76,6.7,0.58,139.5,9.33,59.4,16.96,26.86,"c(-91.6578829714408, 41.9864010872254, 230.861817328047)"
30,Tulip Tree,6,,9/21/2022,3852,LITU,Liriodendron tulipifera,Tulip tree,Other,0.8,4.5,Institutional,78.3,0.5,0.05,0.5,0.04,0.6,0.04,0.2,0.07,0.15,"c(-91.6580270763181, 41.9865623762396, 229.853540223163)"
31,Cottonwood,203,,9/21/2022,1028,PO,Populus,cottonwood spp,Other,25.4,4.5,Institutional,2000.27,7822.2,667.04,121.5,10.36,108.7,7.27,46.3,13.22,30.85,"c(-91.6581073998667, 41.9864751833293, 230.965933381687)"
32,Cottonwood,167,,9/21/2022,1028,PO,Populus,cottonwood spp,Other,20.9,4.5,Institutional,1477.08,4820.3,411.06,91,7.76,85.9,5.74,36.6,10.44,23.95,"c(-91.658158024441, 41.9865023982936, 230.601250364707)"
33,Autumn Fest Maple,6,,9/21/2022,1680,ACSA2,Acer saccharum,Sugar maple,Maple,0.8,4.5,Institutional,97.88,0.9,0.08,0.4,0.03,0.3,0.02,0.1,0.04,0.09,"c(-91.6581629703635, 41.9866664552173, 229.422588790637)"
34,White Ash,234.5,,9/21/2022,3378,FRAM,Fraxinus americana,White ash,Ash,29.4,4.5,Institutional,8693.09,5066.3,432.04,65,5.54,68.6,4.59,29.2,8.34,18.47,"c(-91.6582303277582, 41.9865755588815, 230.185333037626)"
35,Sugar Maple,69,,9/21/2022,1680,ACSA2,Acer saccharum,Sugar maple,Maple,8.6,4.5,Institutional,816.63,315.1,26.87,9.6,0.82,24.7,1.65,10.5,3.01,5.48,"c(-91.6582984787727, 41.9865518987953, 230.398428316154)"
36,Bur Oak,75,,9/21/2022,4926,QUMA1,Quercus macrocarpa,Bur oak,Oak,9.4,4.5,Institutional,898.59,284.8,24.29,8.4,0.72,27.2,1.82,11.6,3.31,5.84,"c(-91.6582848345849, 41.9864715509098, 230.276737447312)"
37,Swamp White Oak,19,"E. Goist, S. Stocking",9/21/2022,4839,QUBI,Quercus bicolor,Swamp white oak,Oak,2.4,4.5,Institutional,78.3,35.1,2.99,5.3,0.45,1.7,0.11,0.7,0.21,0.77,"c(-91.6583838621375, 41.9864476688166, 230.067819169075)"
38,Norway Maple,78,,9/21/2022,1676,ACPL,Acer platanoides,Norway maple,Maple,9.8,4.5,Institutional,975.73,405.2,34.55,19.1,1.63,16.9,1.13,7.2,2.05,4.81,"c(-91.6583003904917, 41.9863838704128, 230.473455261644)"
39,Red Oak,17.5,"C. Karwowski, N. Meskell, A. Welna",9/21/2022,4970,QURU,Quercus rubra,Northern red oak,Oak,2.2,4.5,Institutional,78.3,9.4,0.8,1.7,0.15,1.9,0.13,0.8,0.23,0.5,"c(-91.6583231916295, 41.9862459222021, 231.058643037932)"
40,Silver Birch,63,,9/21/2022,14714,BEPEP,Betula pendula ssp. pendula,European silver birch,Other,7.9,4.5,Institutional,621.1,420.7,35.87,21.1,1.8,21,1.4,8.9,2.55,5.75,"c(-91.6584226020374, 41.9863343622868, 230.544709862255)"
41,Tulip Tree,104,,9/21/2022,3852,LITU,Liriodendron tulipifera,Tulip tree,Other,13,4.5,Institutional,1708.58,567.1,48.36,22,1.88,55.4,3.7,23.6,6.73,12.31,"c(-91.6585144300821, 41.986414844812, 230.106418347096)"
42,Bur Oak,21,"A. Jones, S. Letham",9/21/2022,4926,QUMA1,Quercus macrocarpa,Bur oak,Oak,2.6,4.5,Institutional,78.3,11.6,0.99,1.3,0.11,2.2,0.15,0.9,0.27,0.52,"c(-91.6585701206682, 41.9863374715057, 230.751936633947)"
43,White Oak,14,"A. Jones, S. Letham",9/21/2022,4824,QUAL,Quercus alba,White oak,Oak,1.8,4.5,Institutional,97.88,4.7,0.4,0.9,0.07,1.4,0.09,0.6,0.17,0.33,"c(-91.6584689022515, 41.9862494446438, 231.139162725958)"
44,Black Oak,204.5,,9/21/2022,5001,QUVE,Quercus velutina,Black oak,Oak,25.6,4.5,Institutional,6746.06,4825.5,411.5,71.1,6.06,75.4,5.04,32.1,9.17,20.27,"c(-91.6583573899632, 41.9861314443276, 231.547123718769)"
45,Black Oak,390,,9/21/2022,5001,QUVE,Quercus velutina,Black oak,Oak,48.9,4.5,Institutional,19671.21,16534.7,1410,17.9,1.53,154.7,10.34,65.9,18.8,30.67,"c(-91.6586342827066, 41.9862910058094, 230.842934811958)"
46,Unidentified,73,,9/30/2022,,,,,Other,9.1,4.5,Institutional,,,,,,,,,,,"c(-91.6559017303626, 41.9863933058057, 228.046741544688)"
47,White Oak,470,,9/30/2022,4824,QUAL,Quercus alba,White oak,Oak,58.9,4.5,Institutional,29184.17,16534.7,1410,17.9,1.53,329.4,22.02,140.3,40.05,63.6,"c(-91.6559042759834, 41.9863202872571, 228.666494352502)"
48,Swamp White Oak,66,,9/30/2022,4839,QUBI,Quercus bicolor,Swamp white oak,Oak,8.3,4.5,Institutional,703.02,357.7,30.5,17.7,1.51,17.9,1.2,7.6,2.18,4.89,"c(-91.6560498750964, 41.9863148582739, 228.999723417715)"
49,Sentry Linden,149,,9/30/2022,5857,TIAM,Tilia americana,American basswood,Other,18.7,4.5,Institutional,2768.44,993.5,84.72,19.9,1.7,80.7,5.4,34.4,9.81,16.91,"c(-91.6560299233278, 41.986231684379, 229.415747834513)"
50,Green Ash,137,,9/30/2022,3394,FRPE,Fraxinus pennsylvanica,Green ash,Ash,17.2,4.5,Institutional,2982.61,848.5,72.35,19.3,1.65,69.2,4.63,29.5,8.42,14.69,"c(-91.6560907036451, 41.986193854805, 229.688375533583)"
51,White Oak,315,,9/30/2022,4824,QUAL,Quercus alba,White oak,Oak,39.5,4.5,Institutional,17915.17,11390.4,971.32,65.8,5.61,133.9,8.95,57,16.28,30.84,"c(-91.6561828072343, 41.9861693905027, 230.045357967769)"
52,Red Oak,129,,9/30/2022,4970,QURU,Quercus rubra,Northern red oak,Oak,16.2,4.5,Institutional,2647.13,1202.2,102.52,28.7,2.45,66.3,4.43,28.3,8.06,14.95,"c(-91.6561731445995, 41.9862403166957, 230.024940571777)"
53,Crabapple,23,,9/30/2022,3995,PYIO,Malus ioensis,Prairie crabapple,Crabapple,2.9,4.5,Institutional,54.75,19.9,1.7,2.8,0.24,1.6,0.11,0.7,0.2,0.54,"c(-91.6563385083469, 41.9861915328326, 230.260103204875)"
54,Red Oak,112,,9/30/2022,4970,QURU,Quercus rubra,Northern red oak,Oak,14,4.5,Institutional,1979.78,843.3,71.91,23.3,1.99,57.4,3.83,24.4,6.97,12.8,"c(-91.6563598083702, 41.9861238630579, 230.067044081476)"
55,Swamp White Oak,22,"D. Gayer, R. Verchimak, G. Wahls",9/30/2022,4839,QUBI,Quercus bicolor,Swamp white oak,Oak,2.8,4.5,Institutional,78.3,45.7,3.9,6.1,0.52,2.1,0.14,0.9,0.26,0.92,"c(-91.6563823920486, 41.9860345674239, 230.030416904445)"
56,Red Maple,79,,9/30/2022,1678,ACRU,Acer rubrum,Red maple,Maple,9.9,4.5,Institutional,995.52,395.9,33.76,20.1,1.71,22.4,1.5,9.5,2.72,5.93,"c(-91.656488211773, 41.9861096358305, 230.260997401741)"
57,Cathedral Elm,24,,9/30/2022,5909,ULPU,Ulmus pumila,Siberian elm,Elm,3,4.5,Institutional,19.58,18.8,1.6,3.2,0.28,2.3,0.16,1,0.29,0.72,"c(-91.6564920393477, 41.9860350024053, 229.983034522905)"
58,Swamp White Oak,100,,9/30/2022,4839,QUBI,Quercus bicolor,Swamp white oak,Oak,12.5,4.5,Institutional,1580.51,804.1,68.57,26.5,2.26,43.8,2.93,18.7,5.33,10.52,"c(-91.6565032295463, 41.9859591009368, 229.767647989534)"
59,Green Ash,160,,9/30/2022,3394,FRPE,Fraxinus pennsylvanica,Green ash,Ash,20.1,4.5,Institutional,4069.12,1177.2,100.39,23.1,1.97,77.6,5.19,33.1,9.44,16.6,"c(-91.6566518471552, 41.9858805111263, 230.091158236688)"
60,Crabapple,23,,9/30/2022,3995,PYIO,Malus ioensis,Prairie crabapple,Crabapple,2.9,4.5,Institutional,54.75,19.9,1.7,2.8,0.24,1.6,0.11,0.7,0.2,0.54,"c(-91.656575849132, 41.9860524402304, 230.279490261722)"
61,Crabapple,23,,9/30/2022,3995,PYIO,Malus ioensis,Prairie crabapple,Crabapple,2.9,4.5,Institutional,54.75,19.9,1.7,2.8,0.24,1.6,0.11,0.7,0.2,0.54,"c(-91.6566764589909, 41.9859883692147, 230.227365329322)"
62,Valley Forge Elm,24,"K. Berry, M. Fink",9/30/2022,5903,ULAM,Ulmus americana,American elm,Elm,3,4.5,Institutional,39.15,16,1.36,2.8,0.24,2.4,0.16,1,0.29,0.69,"c(-91.6568063612321, 41.9859614871863, 230.134703272598)"
63,Bur Oak,21,"K. Kirk, K. Niehaus, M. Pinto",9/30/2022,4926,QUMA1,Quercus macrocarpa,Bur oak,Oak,2.6,4.5,Institutional,78.3,11.6,0.99,1.3,0.11,2.2,0.15,0.9,0.27,0.52,"c(-91.6566460739311, 41.9861201643976, 230.544685028646)"
64,Sentry Linden,27,"E. Brinkman, C. Hackenmiller, G. Pisarik, A. Reinstein",9/30/2022,5857,TIAM,Tilia americana,American basswood,Other,3.4,4.5,Institutional,71.23,17.8,1.52,2,0.17,3.1,0.21,1.3,0.38,0.76,"c(-91.656798338095, 41.9860823009813, 231.041870034606)"
65,Sentry Elm,14,"P. Cooper, P. Shevchuk, A. Valdiva",9/30/2022,5903,ULAM,Ulmus americana,American elm,Elm,1.8,4.5,Institutional,39.15,4.7,0.4,1.4,0.12,1.2,0.08,0.5,0.14,0.34,"c(-91.656799879798, 41.9857948126794, 230.715488863632)"
66,Cathedral Elm,29,"S. Craig, G. Petersen",9/30/2022,5909,ULPU,Ulmus pumila,Siberian elm,Elm,3.6,4.5,Institutional,26.62,29,2.48,4.1,0.35,3.2,0.21,1.4,0.39,0.95,"c(-91.6569021713959, 41.9859059314483, 230.485348185342)"
67,Autumn Fest Maple,21,"S. Check, A. Forman, C. Pitstick",9/30/2022,1680,ACSA2,Acer saccharum,Sugar maple,Maple,2.6,4.5,Institutional,97.88,18.8,1.6,2,0.17,2.8,0.18,1.2,0.34,0.69,"c(-91.6570710530698, 41.9859286114705, 231.454882806632)"
68,Swamp White Oak,21,"M. Cargille, E. Lassen, A. Steeber",9/30/2022,4839,QUBI,Quercus bicolor,Swamp white oak,Oak,2.6,4.5,Institutional,78.3,40.2,3.43,5.7,0.49,1.9,0.13,0.8,0.23,0.85,"c(-91.6570135294376, 41.985837119706, 230.976080098337)"
69,Pin Oak,160,,9/30/2022,4952,QUPA,Quercus palustris,Pin oak,Oak,20.1,4.5,Institutional,4069.12,1819.1,155.13,37.4,3.19,94.7,6.33,40.3,11.51,21.03,"c(-91.6569274377511, 41.9857245412928, 231.012483678)"
70,Sentry Elm,14,,9/30/2022,5903,ULAM,Ulmus americana,American elm,Elm,1.8,4.5,Institutional,39.15,4.7,0.4,1.4,0.12,1.2,0.08,0.5,0.14,0.34,"c(-91.6570385842602, 41.9857480298934, 231.184476495484)"
71,Pin Oak,214,,9/30/2022,4952,QUPA,Quercus palustris,Pin oak,Oak,26.8,4.5,Institutional,7225.39,3230.1,275.45,49.8,4.25,155.6,10.4,66.3,18.92,33.56,"c(-91.6571082307555, 41.9856128787072, 231.703926738879)"
72,White Pine,145,,9/30/2022,4497,PIST,Pinus strobus,Eastern white pine,Evergreen,18.2,4.5,Institutional,3338.19,757.7,64.61,19.9,1.7,66.1,4.42,28.1,8.03,14.15,"c(-91.6571719870251, 41.9857241005045, 231.957313010711)"
73,White Pine,141,,9/30/2022,4497,PIST,Pinus strobus,Eastern white pine,Evergreen,17.7,4.5,Institutional,3157.89,709.4,60.5,19.2,1.63,63.9,4.27,27.2,7.76,13.67,"c(-91.6572050904159, 41.9856527244701, 232.297785939829)"
74,White Pine,134,,9/30/2022,4497,PIST,Pinus strobus,Eastern white pine,Evergreen,16.8,4.5,Institutional,2846.01,627.1,53.48,17.8,1.52,59.8,3.99,25.5,7.27,12.78,"c(-91.6572953688968, 41.9856576528468, 232.421962085732)"
75,Red Oak,17,"L. Chambless, M. Northrop",9/30/2022,4970,QURU,Quercus rubra,Northern red oak,Oak,2.1,4.5,Institutional,78.3,8.4,0.72,1.6,0.14,1.7,0.12,0.7,0.21,0.46,"c(-91.6572207798452, 41.9855354794874, 232.042656650302)"
76,Unidentified,59,,9/30/2022,,,,,Other,7.4,4.5,Institutional,,,,,,,,,,,"c(-91.6574279600678, 41.9857626744517, 232.59317908201)"
77,Unidentified,66,,9/30/2022,,,,,Other,8.3,4.5,Institutional,,,,,,,,,,,"c(-91.6574489521802, 41.9857225746052, 232.755258894935)"
78,Crabapple,59,,9/30/2022,3995,PYIO,Malus ioensis,Prairie crabapple,Crabapple,7.4,4.5,Institutional,543.69,196.9,16.79,10.5,0.89,6.6,0.44,2.8,0.8,2.13,"c(-91.6575534941454, 41.9856201797894, 232.96364018373)"
79,Crabapple,84,,9/30/2022,3995,PYIO,Malus ioensis,Prairie crabapple,Crabapple,10.5,4.5,Institutional,933.42,463.6,39.54,17.3,1.47,12.2,0.81,5.2,1.48,3.77,"c(-91.6576229589036, 41.9856161220804, 233.069237409549)"
80,Crabapple,54,,9/30/2022,3995,PYIO,Malus ioensis,Prairie crabapple,Crabapple,6.8,4.5,Institutional,265.64,160.1,13.65,9.3,0.79,5.7,0.38,2.4,0.69,1.86,"c(-91.6576989526916, 41.9856126823891, 233.051309311298)"
81,Autumn Fest Maple,14.5,"L. Chambless, S. Willis",9/30/2022,1680,ACSA2,Acer saccharum,Sugar maple,Maple,1.8,4.5,Institutional,97.88,7.6,0.65,1.2,0.1,1.3,0.08,0.5,0.15,0.34,"c(-91.6574470226149, 41.9855823147154, 232.580949037291)"
82,Autumn Fest Maple,18.5,"C. Doty, L. Homeister",9/30/2022,1680,ACSA2,Acer saccharum,Sugar maple,Maple,2.3,4.5,Institutional,97.88,14,1.19,1.7,0.14,2.1,0.14,0.9,0.26,0.55,"c(-91.6575493617925, 41.9855577396807, 232.497802623308)"
83,Autumn Fest Maple,19.5,"M. Kenworthy, C. Ramos",9/30/2022,1680,ACSA2,Acer saccharum,Sugar maple,Maple,2.4,4.5,Institutional,97.88,15.5,1.32,1.8,0.15,2.3,0.16,1,0.28,0.59,"c(-91.6576429962235, 41.9855401324886, 232.458781938146)"
84,Red Oak,239,,9/30/2022,4970,QURU,Quercus rubra,Northern red oak,Oak,30,4.5,Institutional,9051.07,5372,458.1,69.1,5.89,84.7,5.66,36.1,10.3,21.85,"c(-91.6573579630825, 41.9854800702664, 231.995228548579)"
85,Valley Forge Elm,23.5,"K. Ammon, M. Niedfeldt",9/30/2022,5903,ULAM,Ulmus americana,American elm,Elm,2.9,4.5,Institutional,39.15,14.7,1.26,2.6,0.22,2.3,0.15,1,0.28,0.65,"c(-91.6574608874541, 41.98546850111, 232.193555573694)"
86,Magnolia,76,,9/30/2022,3961,MAST,Magnolia stellata,Star magnolia,Other,9.5,4.5,Institutional,792.95,367.9,31.37,10.4,0.89,21.6,1.44,9.2,2.62,4.95,"c(-91.6575878713401, 41.985449682217, 232.283684260987)"
87,Red Oak,159,,9/30/2022,4970,QURU,Quercus rubra,Northern red oak,Oak,19.9,4.5,Institutional,3988.77,1981.7,168.99,38.5,3.28,72.7,4.86,30.9,8.83,16.97,"c(-91.6577190250473, 41.9854329187115, 232.253872621568)"
88,Norway Maple,83,,9/30/2022,1676,ACPL,Acer platanoides,Norway maple,Maple,10.4,4.5,Institutional,1097.47,463.6,39.53,20.6,1.76,18.9,1.27,8.1,2.3,5.32,"c(-91.6574800935743, 41.985374274569, 231.629615235006)"
89,Colorado Blue Spruce,87,,9/30/2022,4431,PIPU,Picea pungens,Blue spruce,Evergreen,10.9,4.5,Institutional,1379.75,385,32.83,7.9,0.68,22.7,1.52,9.7,2.76,4.96,"c(-91.6576360967724, 41.9853703702323, 232.691884523178)"
90,Black Maple,187,,9/30/2022,1673,ACNI,Acer nigrum,Black maple,Maple,23.4,4.5,Institutional,4259.06,3094.1,263.85,46.8,3.99,97.6,6.52,41.6,11.87,22.38,"c(-91.6577108038677, 41.9852722200438, 232.780886454325)"
91,Swamp White Oak,158,,9/30/2022,4839,QUBI,Quercus bicolor,Swamp white oak,Oak,19.8,4.5,Institutional,3948.89,2008.9,171.31,41.9,3.57,83.6,5.59,35.6,10.16,19.33,"c(-91.6578366078822, 41.985237741122, 232.367177711025)"
92,Green Ash,175,,9/30/2022,3394,FRPE,Fraxinus pennsylvanica,Green ash,Ash,21.9,4.5,Institutional,4828.48,1409.8,120.22,25.5,2.18,81.7,5.46,34.8,9.93,17.57,"c(-91.6577973552182, 41.9853144432143, 232.680505735203)"
93,Little-Leaf Linden,232,,9/30/2022,5858,TICO,Tilia cordata,Littleleaf linden,Other,29.1,4.5,Institutional,10520.2,3699.5,315.48,47.6,4.06,82.4,5.51,35.1,10.02,19.59,"c(-91.6580006053549, 41.9853871825949, 231.754161648816)"
94,White Ash,145,,9/30/2022,3378,FRAM,Fraxinus americana,White ash,Ash,18.2,4.5,Institutional,3338.19,1621,138.23,33.7,2.87,78.8,5.27,33.6,9.58,17.71,"c(-91.657766665372, 41.9860194533049, 232.151735403649)"
95,Sentry Linden,144,,9/30/2022,5857,TIAM,Tilia americana,American basswood,Other,18,4.5,Institutional,2574.91,908,77.43,18.9,1.61,77.6,5.19,33,9.43,16.23,"c(-91.6579081311832, 41.9860470349445, 231.613207344506)"
96,White Oak,145,,9/30/2022,4824,QUAL,Quercus alba,White oak,Oak,18.2,4.5,Institutional,4046.93,1649.9,140.7,25,2.13,87.4,5.84,37.2,10.63,18.6,"c(-91.6580824254379, 41.9859473375213, 231.242341957014)"
97,Crabapple,51,,9/30/2022,3995,PYIO,Malus ioensis,Prairie crabapple,Crabapple,6.4,4.5,Institutional,235.31,138,11.77,8.5,0.72,5.2,0.35,2.2,0.63,1.7,"c(-91.6581736294015, 41.9859634038256, 231.320235387857)"
98,Pin Oak,235,,9/30/2022,4952,QUPA,Quercus palustris,Pin oak,Oak,29.4,4.5,Institutional,8693.09,3886.3,331.4,54.6,4.66,182.4,12.19,77.7,22.17,39.02,"c(-91.6582781167201, 41.9860220238688, 231.494983621368)"
99,Honey Locust,191,,9/30/2022,15105,GLTR1,Gleditsia triacanthos v. inermis,Thornless honeylocust,Honey Locust,23.9,4.5,Institutional,4437.23,3830.5,326.65,63.5,5.41,59.7,3.99,25.4,7.26,16.67,"c(-91.658308450968, 41.9858974806646, 231.591406397132)"
100,Black Oak,256,,9/30/2022,5001,QUVE,Quercus velutina,Black oak,Oak,32.1,4.5,Institutional,10385.36,8238,702.5,95.6,8.16,78.6,5.26,33.5,9.56,22.97,"c(-91.6573798296085, 41.9868891332106, 230.659331023939)"
101,Red Oak,252,,9/30/2022,4970,QURU,Quercus rubra,Northern red oak,Oak,31.6,4.5,Institutional,9837.65,6094.8,519.74,74.4,6.34,85.2,5.7,36.3,10.36,22.39,"c(-91.6572620231914, 41.9869182277349, 230.902560149996)"
102,Pin Oak,253,,9/30/2022,4952,QUPA,Quercus palustris,Pin oak,Oak,31.7,4.5,Institutional,9899.16,4517.3,385.22,58.9,5.02,207.5,13.87,88.4,25.22,44.11,"c(-91.6573620516725, 41.9869952289167, 230.528053475631)"
103,Crabapple,72.5,,9/30/2022,3995,PYIO,Malus ioensis,Prairie crabapple,Crabapple,9.1,4.5,Institutional,740.7,326.6,27.85,14.1,1.2,9.4,0.63,4,1.14,2.97,"c(-91.657205634128, 41.9869759216284, 230.708207057485)"
104,Unidentified,93.5,,9/30/2022,,,,,Other,11.7,4.5,Institutional,,,,,,,,,,,"c(-91.6571230045885, 41.987000038736, 230.682247417438)"
105,Princeton Elm,22.5,"G. Atkinson, S. Coleman, E. Stitt",9/30/2022,5903,ULAM,Ulmus americana,American elm,Elm,2.8,4.5,Institutional,39.15,13.5,1.15,2.5,0.21,2.1,0.14,0.9,0.26,0.62,"c(-91.657162149781, 41.9871089531495, 230.044134886679)"
106,Bur Oak,20,"M. Lietsch, C. Maldonado, K. Yang",9/30/2022,4926,QUMA1,Quercus macrocarpa,Bur oak,Oak,2.5,4.5,Institutional,78.3,10.5,0.9,1.2,0.1,2.1,0.14,0.9,0.25,0.49,"c(-91.657068477958, 41.9871618034243, 230.019299433733)"
107,Green Ash,301,,9/30/2022,3394,FRPE,Fraxinus pennsylvanica,Green ash,Ash,37.7,4.5,Institutional,13432.83,4415.9,376.56,44.1,3.76,175.8,11.75,74.9,21.37,36.88,"c(-91.6569157503165, 41.9871161662728, 229.742819062581)"
108,Red Oak,197,,9/30/2022,4970,QURU,Quercus rubra,Northern red oak,Oak,24.7,4.5,Institutional,6139.09,3349.9,285.66,52.3,4.46,79.6,5.32,33.9,9.68,19.47,"c(-91.6567928097112, 41.9871824877012, 228.489999446003)"
109,Freeman Maple,44,,9/30/2022,1683,ACFR,Acer x freemanii,Freeman maple,Maple,5.5,4.5,Institutional,186.4,219.8,18.74,18.2,1.55,12,0.8,5.1,1.46,3.81,"c(-91.6566870457836, 41.9872409664797, 227.066283483403)"
110,Crabapple,40,,9/30/2022,3995,PYIO,Malus ioensis,Prairie crabapple,Crabapple,5,4.5,Institutional,143.62,75.5,6.44,6,0.51,3.5,0.23,1.5,0.43,1.17,"c(-91.6568878200201, 41.9873554073867, 227.808154320793)"
111,Autumn Brillance Serviceberry,7.5,,10/23/2022,324,AM,Amelanchier,serviceberry spp,Other,0.9,4.5,Institutional,54.75,1.9,0.16,0.9,0.08,0.3,0.02,0.1,0.04,0.14,"c(-91.6562944462787, 41.9867089367708, 229.255523007916)"
112,Green Ash,201,,10/23/2022,3394,FRPE,Fraxinus pennsylvanica,Green ash,Ash,25.2,4.5,Institutional,6389.69,1893.6,161.48,30,2.56,99.5,6.65,42.4,12.09,21.31,"c(-91.6561784070351, 41.9867719430315, 228.249902638921)"
113,Green Ash,284,,10/23/2022,3394,FRPE,Fraxinus pennsylvanica,Green ash,Ash,35.6,4.5,Institutional,12231.14,3914.7,333.82,45,3.84,162,10.83,69,19.69,34.36,"c(-91.6565513909482, 41.9869972853655, 228.716524025087)"
114,Swamp White Oak,167,,10/23/2022,4839,QUBI,Quercus bicolor,Swamp white oak,Oak,20.9,4.5,Institutional,4398.58,2237.6,190.82,44.2,3.77,89.4,5.97,38.1,10.87,20.61,"c(-91.6580089936263, 41.9858648843201, 232.173473815931)"
115,Sugar Maple,111,,10/23/2022,1680,ACSA2,Acer saccharum,Sugar maple,Maple,13.9,4.5,Institutional,2313.88,976.3,83.25,18.3,1.56,49.2,3.29,21,5.99,10.84,"c(-91.6580420309494, 41.9857888452158, 232.162929682227)"
116,Sugar Maple,144,,10/23/2022,1680,ACSA2,Acer saccharum,Sugar maple,Maple,18,4.5,Institutional,3956.02,1794.6,153.04,25.9,2.21,66.9,4.47,28.5,8.13,14.82,"c(-91.6581578826305, 41.9857328400196, 231.688562638885)"
117,Honey Locust,206,,10/23/2022,15105,GLTR1,Gleditsia triacanthos v. inermis,Thornless honeylocust,Honey Locust,25.8,4.5,Institutional,5148.6,4635.7,395.32,61.7,5.27,59.7,3.99,25.4,7.25,16.51,"c(-91.6580831924198, 41.9856636490605, 231.990664125578)"
118,Common Hackberry,160,,10/23/2022,2302,CEOC,Celtis occidentalis,Northern hackberry,Other,20.1,4.5,Institutional,4069.12,280.3,23.9,4.9,0.42,110.9,7.42,47.3,13.49,21.32,"c(-91.6580984117152, 41.9856081763118, 231.896991027272)"
119,Norway Maple,172,,10/23/2022,1676,ACPL,Acer platanoides,Norway maple,Maple,21.6,4.5,Institutional,4697.4,2446.6,208.64,53,4.52,72.1,4.82,30.7,8.77,18.11,"c(-91.6580145833538, 41.9855776928166, 232.119538888026)"
120,Common Hackberry,113,,10/23/2022,2302,CEOC,Celtis occidentalis,Northern hackberry,Other,14.2,4.5,Institutional,2036.43,154.6,13.18,3.9,0.33,61.4,4.11,26.2,7.47,11.91,"c(-91.6579585768569, 41.9855419950095, 231.94824595203)"
121,Hawthorn,62,,10/23/2022,2733,CRPH,Crataegus phaenopyrum,Washington hawthorn,Other,7.8,4.5,Institutional,586.4,190.9,16.28,9.6,0.82,5,0.34,2.1,0.61,1.76,"c(-91.6578664456808, 41.9855667370037, 232.658741112736)"
122,Tulip Tree,8,,10/23/2022,3852,LITU,Liriodendron tulipifera,Tulip tree,Other,1,4.5,Institutional,78.3,1,0.08,0.6,0.05,0.7,0.04,0.3,0.08,0.18,"c(-91.6576448929343, 41.9866738654376, 230.288288359742)"
123,Red Oak,16.5,"T. Bossom, B. Brokaw, J. Langerud",10/23/2022,4970,QURU,Quercus rubra,Northern red oak,Oak,2.1,4.5,Institutional,78.3,8.4,0.72,1.6,0.14,1.7,0.12,0.7,0.21,0.46,"c(-91.657806122748, 41.9866362394763, 229.925735175606)"
124,Bur Oak,18,"H. Hoyhtya, S. Reilly",10/23/2022,4926,QUMA1,Quercus macrocarpa,Bur oak,Oak,2.3,4.5,Institutional,78.3,8.5,0.73,1.1,0.09,1.8,0.12,0.8,0.22,0.44,"c(-91.6579455961207, 41.9866589573334, 229.28726352551)"
125,Swamp White Oak,20,"S. Gobeli, Q. Peterson, A. Tomes",10/23/2022,4839,QUBI,Quercus bicolor,Swamp white oak,Oak,2.5,4.5,Institutional,78.3,37.6,3.21,5.5,0.47,1.8,0.12,0.8,0.22,0.81,"c(-91.658059911978, 41.9867000328935, 229.256151049675)"
126,Bur Oak,75,,10/23/2022,4926,QUMA1,Quercus macrocarpa,Bur oak,Oak,9.4,4.5,Institutional,898.59,284.8,24.29,8.4,0.72,27.2,1.82,11.6,3.31,5.84,"c(-91.6581590046481, 41.9867853592075, 228.9491362954)"
127,Freeman Maple,32,,10/23/2022,1683,ACFR,Acer x freemanii,Freeman maple,Maple,4,4.5,Institutional,98.59,106.8,9.11,12.2,1.04,6.6,0.44,2.8,0.8,2.28,"c(-91.6582514310178, 41.9868705087317, 228.835417881785)"
128,Red Oak,191,,10/23/2022,4970,QURU,Quercus rubra,Northern red oak,Oak,23.9,4.5,Institutional,5748.56,3092.3,263.7,49.9,4.26,78.4,5.24,33.4,9.53,19.03,"c(-91.6583269823583, 41.986972504652, 229.08428839939)"
129,Sentry Linden,13,"K. Batey, B. Bodermann, A. Cota",10/23/2022,5857,TIAM,Tilia americana,American basswood,Other,1.6,4.5,Institutional,58.73,3,0.26,0.8,0.06,1.2,0.08,0.5,0.15,0.29,"c(-91.6583800013922, 41.9871128521198, 229.232483817283)"
130,Bur Oak,242,,10/23/2022,4926,QUMA1,Quercus macrocarpa,Bur oak,Oak,30.3,4.5,Institutional,9030.25,5266.2,449.07,47.9,4.08,126.1,8.43,53.7,15.33,27.84,"c(-91.6583111495662, 41.9872152750611, 229.115091093124)"
131,Swamp White Oak,202,,10/23/2022,4839,QUBI,Quercus bicolor,Swamp white oak,Oak,25.3,4.5,Institutional,6440.42,3276.4,279.39,53.5,4.56,107.1,7.16,45.6,13.02,24.74,"c(-91.6580826257666, 41.9873186052067, 228.498605765114)"
132,Valley Forge Elm,23,"H. Nguyen, V. Ortega",10/23/2022,5903,ULAM,Ulmus americana,American elm,Elm,2.9,4.5,Institutional,39.15,14.7,1.26,2.6,0.22,2.3,0.15,1,0.28,0.65,"c(-91.6579135622194, 41.9873012575857, 229.110440774301)"
133,Sentry Linden,293,,10/23/2022,5857,TIAM,Tilia americana,American basswood,Other,36.7,4.5,Institutional,9774.79,4871.6,415.43,47.9,4.09,114.5,7.66,48.8,13.92,25.67,"c(-91.6578379677433, 41.9872578959866, 229.55219106099)"
134,White Oak,76,,10/23/2022,4824,QUAL,Quercus alba,White oak,Oak,9.5,4.5,Institutional,1021.16,330.3,28.17,9.5,0.81,29.5,1.97,12.5,3.58,6.36,"c(-91.6576904493387, 41.9871702417407, 229.146977685022)"
135,Swamp White Oak,20,"A. Costantino, B. Jungman, K. Koenen, O. Wagner",10/23/2022,4839,QUBI,Quercus bicolor,Swamp white oak,Oak,2.5,4.5,Institutional,78.3,37.6,3.21,5.5,0.47,1.8,0.12,0.8,0.22,0.81,"c(-91.6576593696913, 41.9871028229233, 229.036329883785)"
136,Kentucky Coffee Tree,6,,10/23/2022,15400,GYDI1,Gymnocladus dioica,Kentucky Coffee tree,Other,0.8,4.5,Institutional,54.75,2.5,0.22,0.8,0.07,0.5,0.03,0.2,0.06,0.16,"c(-91.6575879397851, 41.9870429540075, 229.017602920835)"
137,Swamp White Oak,210,,10/23/2022,4839,QUBI,Quercus bicolor,Swamp white oak,Oak,26.3,4.5,Institutional,6958.71,3540,301.88,55.6,4.74,109.5,7.32,46.6,13.31,25.37,"c(-91.6575283588864, 41.9869300055177, 229.881394767422)"
138,Cathedral Elm,28,,10/23/2022,5909,ULPU,Ulmus pumila,Siberian elm,Elm,3.5,4.5,Institutional,25.16,27.1,2.31,4,0.34,3,0.2,1.3,0.37,0.91,"c(-91.6575296985056, 41.9867792482329, 230.261080143616)"
139,Red Maple,98,,10/23/2022,1678,ACRU,Acer rubrum,Red maple,Maple,12.3,4.5,Institutional,1530.69,666.9,56.87,27.2,2.32,35,2.34,14.9,4.26,8.92,"c(-91.6574599817894, 41.9870906204269, 229.801199855133)"
140,Pin Oak,247,,10/23/2022,4952,QUPA,Quercus palustris,Pin oak,Oak,31,4.5,Institutional,9466.8,4320.2,368.41,57.6,4.91,199.7,13.35,85.1,24.28,42.54,"c(-91.6575668450521, 41.9871912261273, 229.958551443789)"
141,Cathedral Elm,6,"L. Dufoe, M. Jones, A. Phillips",10/23/2022,5909,ULPU,Ulmus pumila,Siberian elm,Elm,0.8,4.5,Institutional,19.58,0.8,0.07,0.6,0.05,0.5,0.04,0.2,0.07,0.15,"c(-91.6576783938308, 41.9872839200541, 230.021839775269)"
142,White Oak,285,,10/23/2022,4824,QUAL,Quercus alba,White oak,Oak,35.7,4.5,Institutional,15235.71,8848.9,754.6,68.3,5.83,107,7.16,45.6,13.01,25.99,"c(-91.6576033480878, 41.9873872238125, 230.247681774958)"
143,Common Hackberry,164,,10/23/2022,2302,CEOC,Celtis occidentalis,Northern hackberry,Other,20.6,4.5,Institutional,4273.53,292.4,24.93,5,0.43,116.3,7.77,49.5,14.14,22.34,"c(-91.6575234954526, 41.9873524335215, 230.152893258853)"
144,Cathedral Elm,21.5,,10/23/2022,5909,ULPU,Ulmus pumila,Siberian elm,Elm,2.7,4.5,Institutional,19.58,14.6,1.24,2.8,0.24,2,0.13,0.8,0.24,0.61,"c(-91.6574370147326, 41.987201015116, 230.435300190977)"
145,Black Oak,61,,10/23/2022,5001,QUVE,Quercus velutina,Black oak,Oak,7.6,4.5,Institutional,593.43,271.6,23.16,13.4,1.14,15.6,1.04,6.7,1.9,4.09,"c(-91.6572120283615, 41.987209757943, 229.580530796046)"
146,Princeton Sentry Ginkgo,8,"S. Barnes, A. Nuñez, G. Reighard",10/23/2022,3452,GIBI,Ginkgo biloba,Ginkgo,Other,1,4.5,Institutional,97.88,0.4,0.04,0.1,0.01,0.5,0.04,0.2,0.06,0.11,"c(-91.657120940192, 41.9872522296562, 229.019527342131)"
147,Unidentified,9,,10/23/2022,,,,,Other,1.1,4.5,Institutional,,,,,,,,,,,"c(-91.6572505348323, 41.9873380691605, 229.345056018574)"
148,Red Oak,329,,10/23/2022,4970,QURU,Quercus rubra,Northern red oak,Oak,41.2,4.5,Institutional,15351.69,11610.7,990.11,80.6,6.88,112.6,7.53,48,13.7,28.1,"c(-91.6573410885715, 41.9872843826623, 230.325271380368)"
149,Silver Birch,40,,10/23/2022,14714,BEPEP,Betula pendula ssp. pendula,European silver birch,Other,5,4.5,Institutional,179.73,136.1,11.61,10.9,0.93,9.2,0.61,3.9,1.11,2.65,"c(-91.657370889157, 41.9873650392929, 229.943827766245)"
150,Red Oak,283,,10/23/2022,4970,QURU,Quercus rubra,Northern red oak,Oak,35.5,4.5,Institutional,12172.97,8086.3,689.56,87.8,7.49,84.5,5.65,36,10.27,23.4,"c(-91.6573349864813, 41.9874764835708, 229.185364591273)"
151,Green Ash,257,,10/23/2022,3394,FRPE,Fraxinus pennsylvanica,Green ash,Ash,32.2,4.5,Institutional,10205.41,3170,270.32,40,3.41,140.5,9.39,59.8,17.08,29.87,"c(-91.6583305951107, 41.9868278110796, 229.286937225908)"
152,Princeton Elm,204,,10/23/2022,5903,ULAM,Ulmus americana,American elm,Elm,25.6,4.5,Institutional,3548.52,2734.7,233.21,53.1,4.53,79.8,5.34,34,9.7,19.57,"c(-91.6584332019969, 41.9869038283428, 229.820773118021)"
153,Swamp White Oak,17,"E. La Rosa, B. Runyon, C. Wihlm",10/23/2022,4839,QUBI,Quercus bicolor,Swamp white oak,Oak,2.1,4.5,Institutional,78.3,28.2,2.4,4.6,0.4,1.4,0.1,0.6,0.18,0.67,"c(-91.6586292223945, 41.9867913565611, 230.121519818397)"
154,Autumn Fest Maple,17,"C. Howell, R. McMahen, P. Waskow",10/23/2022,1680,ACSA2,Acer saccharum,Sugar maple,Maple,2.1,4.5,Institutional,97.88,11.2,0.95,1.5,0.13,1.8,0.12,0.7,0.21,0.46,"c(-91.6586450088312, 41.9866881936458, 229.952265141754)"
155,Princeton Elm,20.5,"M. Meiers, L. Sweezer",10/23/2022,5903,ULAM,Ulmus americana,American elm,Elm,2.6,4.5,Institutional,39.15,11.3,0.97,2.3,0.19,1.9,0.13,0.8,0.23,0.56,"c(-91.6584105662473, 41.9866570363051, 229.890597100231)"
156,Black Maple,217,,10/23/2022,1673,ACNI,Acer nigrum,Black maple,Maple,27.2,4.5,Institutional,5707.58,4363.3,372.08,56.8,4.84,121,8.09,51.5,14.71,27.64,"c(-91.6585149497571, 41.9865542893503, 230.073029264494)"
157,Ginkgo,248,,10/23/2022,3452,GIBI,Ginkgo biloba,Ginkgo,Other,31.1,4.5,Institutional,11785.22,2491.9,212.5,22.4,1.91,88.8,5.94,37.8,10.8,18.65,"c(-91.6585696598737, 41.9864769464918, 230.200574381557)"
158,Freeman Maple,61,,10/23/2022,1683,ACFR,Acer x freemanii,Freeman maple,Maple,7.6,4.5,Institutional,569.23,457.5,39.01,27.4,2.34,22.2,1.49,9.5,2.7,6.52,"c(-91.6591168749292, 41.9867651219989, 229.653766655548)"
159,Freeman Maple,53,,10/23/2022,1683,ACFR,Acer x freemanii,Freeman maple,Maple,6.6,4.5,Institutional,268.42,332.2,28.33,22.9,1.95,17,1.14,7.2,2.07,5.15,"c(-91.6591099709239, 41.9868145789052, 229.717869274482)"
160,Honey Locust,212,,10/23/2022,15105,GLTR1,Gleditsia triacanthos v. inermis,Thornless honeylocust,Honey Locust,26.6,4.5,Institutional,5464.4,5003.3,426.66,60.2,5.14,59.2,3.96,25.2,7.2,16.3,"c(-91.6580428594332, 41.9874526978728, 228.885969272594)"
161,Autumn Fest Maple,19.5,,10/23/2022,1680,ACSA2,Acer saccharum,Sugar maple,Maple,2.4,4.5,Institutional,97.88,15.5,1.32,1.8,0.15,2.3,0.16,1,0.28,0.59,"c(-91.657922294353, 41.9875936610172, 228.462619016198)"
162,Norway Maple,155,,10/23/2022,1676,ACPL,Acer platanoides,Norway maple,Maple,19.4,4.5,Institutional,3791.39,1915.1,163.31,46.1,3.93,60.6,4.05,25.8,7.36,15.35,"c(-91.6577671678497, 41.9876752693503, 228.419728784564)"
163,Green Ash,186,,10/23/2022,3394,FRPE,Fraxinus pennsylvanica,Green ash,Ash,23.3,4.5,Institutional,5464.1,1605.9,136.95,27.4,2.34,89.1,5.96,38,10.84,19.13,"c(-91.6575534167732, 41.9877710354764, 228.412756548083)"
164,Princeton Sentry Ginkgo,11,"D. Robertson, H. Schipper, A. Ward",10/23/2022,3452,GIBI,Ginkgo biloba,Ginkgo,Other,1.4,4.5,Institutional,97.88,1,0.08,0.2,0.02,0.7,0.05,0.3,0.09,0.16,"c(-91.657558230191, 41.9878825691859, 227.559091412468)"
165,Red Oak,16.5,"M. Macon, J. Meehan, B. Young",10/23/2022,4970,QURU,Quercus rubra,Northern red oak,Oak,2.1,4.5,Institutional,78.3,8.4,0.72,1.6,0.14,1.7,0.12,0.7,0.21,0.46,"c(-91.657845344061, 41.9877751819835, 227.653269568456)"
166,Norway Maple,142,,10/23/2022,1676,ACPL,Acer platanoides,Norway maple,Maple,17.8,4.5,Institutional,3193.55,1573.8,134.21,41.3,3.52,52.2,3.49,22.2,6.35,13.36,"c(-91.6579430178086, 41.987735220334, 227.853029943881)"
167,Norway Maple,132,,10/23/2022,1676,ACPL,Acer platanoides,Norway maple,Maple,16.5,4.5,Institutional,2745.67,1324,112.9,37.4,3.19,45.6,3.05,19.4,5.54,11.78,"c(-91.6580379631762, 41.9876875338587, 228.272716027113)"
168,Hawthorn,95,,10/23/2022,2733,CRPH,Crataegus phaenopyrum,Washington hawthorn,Other,11.9,4.5,Institutional,1153.67,536.9,45.79,17.6,1.5,10.9,0.73,4.6,1.32,3.55,"c(-91.6582907752298, 41.9875197352536, 228.643371349324)"
169,Hawthorn,62,,10/23/2022,2733,CRPH,Crataegus phaenopyrum,Washington hawthorn,Other,7.8,4.5,Institutional,586.4,190.9,16.28,9.6,0.82,5,0.34,2.1,0.61,1.76,"c(-91.6585008371872, 41.9874017970206, 229.263623292144)"
170,Hawthorn,59,,10/23/2022,2733,CRPH,Crataegus phaenopyrum,Washington hawthorn,Other,7.4,4.5,Institutional,543.69,167.9,14.31,8.9,0.76,4.6,0.31,1.9,0.56,1.62,"c(-91.6584981878415, 41.9873307161226, 229.449097009143)"
171,Black Oak,260,,10/23/2022,5001,QUVE,Quercus velutina,Black oak,Oak,32.6,4.5,Institutional,10697.51,8542.4,728.46,97.5,8.32,77,5.15,32.8,9.36,22.82,"c(-91.6585593924708, 41.9873449029152, 229.449019780655)"
172,Dogwood,98,,10/23/2022,2572,CODR,Cornus drummondii,Roughleaf dogwood,Other,12.3,4.5,Institutional,1221.65,989.2,84.36,28.4,2.42,17.2,1.15,7.3,2.09,5.65,"c(-91.6586728825058, 41.987400266319, 229.362642268424)"
173,Kentucky Coffee Tree,9,,10/23/2022,15400,GYDI1,Gymnocladus dioica,Kentucky Coffee tree,Other,1.1,4.5,Institutional,54.75,4.3,0.36,1.1,0.1,0.6,0.04,0.3,0.07,0.21,"c(-91.658872370249, 41.9874496207186, 229.094509275555)"
174,Green Ash,186,,10/23/2022,3394,FRPE,Fraxinus pennsylvanica,Green ash,Ash,23.3,4.5,Institutional,5464.1,1605.9,136.95,27.4,2.34,89.1,5.96,38,10.84,19.13,"c(-91.6589589181004, 41.9876541456439, 229.180939746326)"
175,Freeman Maple,61,,10/23/2022,1683,ACFR,Acer x freemanii,Freeman maple,Maple,7.6,4.5,Institutional,569.23,457.5,39.01,27.4,2.34,22.2,1.49,9.5,2.7,6.52,"c(-91.6587707479834, 41.9879227126612, 229.90955211318)"
176,Cottonwood,143,,10/23/2022,1028,PO,Populus,cottonwood spp,Other,17.9,4.5,Institutional,1184.78,3281.1,279.8,72.4,6.18,67.1,4.49,28.6,8.16,18.82,"c(-91.658634007073, 41.9879489439213, 229.485549266078)"
177,Hawthorn,54,,10/23/2022,2733,CRPH,Crataegus phaenopyrum,Washington hawthorn,Other,6.8,4.5,Institutional,265.64,136.5,11.64,7.9,0.67,3.9,0.26,1.7,0.48,1.42,"c(-91.6584893615209, 41.9878933835791, 229.417123192999)"
178,Unidentified,34,,10/23/2022,,,,,Other,4.3,4.5,Institutional,,,,,,,,,,,"c(-91.6584620164327, 41.98781986956, 229.740449988682)"
179,Green Ash,320,,10/23/2022,3394,FRPE,Fraxinus pennsylvanica,Green ash,Ash,40.1,4.5,Institutional,14759.93,5027.6,428.73,41.2,3.52,191.3,12.79,81.5,23.26,39.57,"c(-91.6583960826203, 41.9878717120004, 229.465287256109)"
180,Scotch Pine,125,,10/23/2022,4498,PISY,Pinus sylvestris,Scots pine,Evergreen,15.7,4.5,Institutional,2486.92,687.2,58.6,18.4,1.57,56,3.74,23.8,6.81,12.12,"c(-91.6583427146697, 41.987840666239, 229.665523190544)"
181,Red Sunset Maple,20,"M. Macon, J. Meehan, B. Young",10/23/2022,1678,ACRU,Acer rubrum,Red maple,Maple,2.5,4.5,Institutional,78.3,14.6,1.24,3.1,0.27,1.5,0.1,0.6,0.18,0.55,"c(-91.6582722745572, 41.9877732950419, 229.913126569531)"
182,Dogwood,63,,10/23/2022,2572,CODR,Cornus drummondii,Roughleaf dogwood,Other,7.9,4.5,Institutional,597.42,355.9,30.35,16.6,1.42,7.7,0.51,3.3,0.93,2.86,"c(-91.6582172412444, 41.9877208906821, 229.764469077979)"
183,Dogwood,147,,10/23/2022,2572,CODR,Cornus drummondii,Roughleaf dogwood,Other,18.4,4.5,Institutional,2536.9,2518.2,214.74,2.6,0.22,33.9,2.27,14.4,4.12,6.61,"c(-91.6582416955494, 41.9876386702739, 229.426041748539)"
184,Hawthorn,25,,10/25/2022,2733,CRPH,Crataegus phaenopyrum,Washington hawthorn,Other,3.1,4.5,Institutional,55.21,20,1.7,2.6,0.22,1.2,0.08,0.5,0.14,0.44,"c(-91.6579651091299, 41.9858635194052, 232.445130789265)"
185,Princeton Elm,23.5,,10/25/2022,5903,ULAM,Ulmus americana,American elm,Elm,2.9,4.5,Institutional,39.15,14.7,1.26,2.6,0.22,2.3,0.15,1,0.28,0.65,"c(-91.6588342686143, 41.9880553298443, 228.880871157136)"
186,White Ash,149,,10/25/2022,3378,FRAM,Fraxinus americana,White ash,Ash,18.7,4.5,Institutional,3523.51,1728.9,147.43,34.9,2.98,80.1,5.36,34.1,9.74,18.08,"c(-91.6589142734115, 41.9879356702464, 229.552121303121)"
187,Common Hackberry,161,,10/25/2022,2302,CEOC,Celtis occidentalis,Northern hackberry,Other,20.2,4.5,Institutional,4109.6,282.7,24.11,5,0.42,112,7.49,47.7,13.62,21.53,"c(-91.6590909597794, 41.9878906836247, 228.649737954484)"
188,Freeman Maple,60,,10/25/2022,1683,ACFR,Acer x freemanii,Freeman maple,Maple,7.5,4.5,Institutional,557.86,443.9,37.86,27,2.3,21.7,1.45,9.2,2.63,6.38,"c(-91.6592102230744, 41.9879166184736, 228.165504200337)"
189,Dogwood,4.5,,10/25/2022,2572,CODR,Cornus drummondii,Roughleaf dogwood,Other,0.6,4.5,Institutional,54.75,0.7,0.06,0.6,0.05,0.4,0.03,0.2,0.05,0.12,"c(-91.6591101010622, 41.9877994490774, 228.88689415352)"
190,Dogwood,4.5,,10/25/2022,2572,CODR,Cornus drummondii,Roughleaf dogwood,Other,0.6,4.5,Institutional,54.75,0.7,0.06,0.6,0.05,0.4,0.03,0.2,0.05,0.12,"c(-91.6590798394719, 41.9877981387346, 228.810592804147)"
191,Dogwood,4,,10/25/2022,2572,CODR,Cornus drummondii,Roughleaf dogwood,Other,0.5,4.5,Institutional,54.75,0.5,0.04,0.4,0.04,0.4,0.02,0.2,0.04,0.1,"c(-91.6590948047922, 41.9877764383871, 228.745209381383)"
192,Swamp White Oak,23,,10/25/2022,4839,QUBI,Quercus bicolor,Swamp white oak,Oak,2.9,4.5,Institutional,78.3,48.6,4.15,6.3,0.54,2.3,0.15,1,0.27,0.96,"c(-91.6589223868857, 41.9881224131883, 228.802143169743)"
193,Maple Northern Flare,17.5,"H. Blegger, S. Huggins, L. Tierney",10/25/2022,1680,ACSA2,Acer saccharum,Sugar maple,Maple,2.2,4.5,Institutional,97.88,12.5,1.07,1.6,0.13,1.9,0.13,0.8,0.24,0.5,"c(-91.6590714010976, 41.9882209414425, 228.900017148824)"
194,Unidentified,95,,10/25/2022,,,,,Other,11.9,4.5,Institutional,,,,,,,,,,,"c(-91.6591913067491, 41.9881906284495, 228.477363846567)"
195,Ohio Buckeye,73,,10/25/2022,1709,AEGL,Aesculus glabra,Ohio buckeye,Other,9.1,4.5,Institutional,757.94,627.8,53.54,34.1,2.91,33.2,2.22,14.1,4.04,9.16,"c(-91.659292438978, 41.988126130479, 228.082504598515)"
196,Swamp White Oak,173,,10/25/2022,4839,QUBI,Quercus bicolor,Swamp white oak,Oak,21.7,4.5,Institutional,4740.9,2411.8,205.67,45.9,3.92,93.3,6.24,39.7,11.34,21.5,"c(-91.6594227272448, 41.9881271799764, 228.566270010765)"
197,Honey Locust,154,,10/25/2022,15105,GLTR1,Gleditsia triacanthos v. inermis,Thornless honeylocust,Honey Locust,19.3,4.5,Institutional,2940.2,2253.4,192.16,45.9,3.92,53.7,3.59,22.9,6.53,14.03,"c(-91.6596145611125, 41.9880479277077, 229.544935966375)"
198,Swamp White Oak,44.5,,10/25/2022,4839,QUBI,Quercus bicolor,Swamp white oak,Oak,5.6,4.5,Institutional,257.66,165.9,14.15,12,1.02,7.4,0.5,3.2,0.9,2.42,"c(-91.6592735888674, 41.988264889104, 228.094920200641)"
199,Swamp White Oak,209,,10/25/2022,4839,QUBI,Quercus bicolor,Swamp white oak,Oak,26.2,4.5,Institutional,6905.98,3513.2,299.59,55.4,4.72,109.3,7.3,46.5,13.28,25.31,"c(-91.6594437411152, 41.9882267310771, 228.127867341306)"
200,White Ash,293,,10/25/2022,3378,FRAM,Fraxinus americana,White ash,Ash,36.7,4.5,Institutional,12865.31,8581.6,731.8,85.1,7.25,96.9,6.48,41.3,11.78,25.51,"c(-91.6596344813946, 41.9883091675545, 228.424973685274)"
201,Freeman Maple,57,,10/25/2022,1683,ACFR,Acer x freemanii,Freeman maple,Maple,7.1,4.5,Institutional,513.86,392,33.43,25.1,2.14,19.5,1.31,8.3,2.37,5.82,"c(-91.659700652144, 41.9884449276082, 227.904456840142)"
202,Common Hackberry,166,,10/25/2022,2302,CEOC,Celtis occidentalis,Northern hackberry,Other,20.8,4.5,Institutional,4356.7,297.3,25.35,5.1,0.43,118.4,7.92,50.5,14.4,22.75,"c(-91.6597107878025, 41.9886274226573, 228.78822051665)"
203,Swamp White Oak,220,,10/25/2022,4839,QUBI,Quercus bicolor,Swamp white oak,Oak,27.6,4.5,Institutional,7662.53,3898.1,332.41,58.3,4.97,111.4,7.45,47.5,13.54,25.97,"c(-91.6596007160402, 41.9887005809656, 229.108864417243)"
204,Honey Locust,192,,10/25/2022,15105,GLTR1,Gleditsia triacanthos v. inermis,Thornless honeylocust,Honey Locust,24.1,4.5,Institutional,4509.55,3910.9,333.5,63.8,5.44,59.8,4,25.5,7.27,16.71,"c(-91.6594743189152, 41.9887675810472, 228.160929084792)"
205,Black Oak,22,,10/25/2022,5001,QUVE,Quercus velutina,Black oak,Oak,2.8,4.5,Institutional,80.26,26.7,2.27,3.6,0.31,1.7,0.12,0.7,0.21,0.64,"c(-91.659316039995, 41.9887054135568, 228.260492897849)"
206,Swamp White Oak,43,,10/25/2022,4839,QUBI,Quercus bicolor,Swamp white oak,Oak,5.4,4.5,Institutional,239.58,154.7,13.19,11.6,0.99,6.9,0.46,2.9,0.84,2.28,"c(-91.6592039813889, 41.9885922315552, 228.798789689316)"
207,White Ash,172.5,,10/25/2022,3378,FRAM,Fraxinus americana,White ash,Ash,21.6,4.5,Institutional,4697.4,2435.2,207.66,42.6,3.63,83.8,5.6,35.7,10.19,19.42,"c(-91.6591860057356, 41.9884463763262, 228.718432887671)"
208,Kentucky Coffee Tree,57,,10/25/2022,15400,GYDI1,Gymnocladus dioica,Kentucky Coffee tree,Other,7.1,4.5,Institutional,513.14,201.6,17.19,10.7,0.91,10.2,0.68,4.4,1.24,2.84,"c(-91.6592018674025, 41.9883389493947, 228.607286597229)"
209,Sentry Linden,21,,10/25/2022,5857,TIAM,Tilia americana,American basswood,Other,2.6,4.5,Institutional,58.73,9.5,0.81,1.4,0.12,2.1,0.14,0.9,0.26,0.52,"c(-91.6594039160328, 41.9888995479444, 228.295526383155)"
210,Kentucky Coffee Tree,4.5,,10/25/2022,15400,GYDI1,Gymnocladus dioica,Kentucky Coffee tree,Other,0.6,4.5,Institutional,54.75,1.7,0.14,0.7,0.06,0.4,0.03,0.2,0.05,0.14,"c(-91.6592675530593, 41.988786031731, 228.578014758471)"
211,White Oak,26,,10/25/2022,4824,QUAL,Quercus alba,White oak,Oak,3.3,4.5,Institutional,111.84,24,2.05,2.1,0.18,3.2,0.22,1.4,0.39,0.79,"c(-91.659170370209, 41.9886862738346, 228.368631527377)"
212,Kentucky Coffee Tree,27.5,,10/25/2022,15400,GYDI1,Gymnocladus dioica,Kentucky Coffee tree,Other,3.4,4.5,Institutional,66.41,38.3,3.26,4,0.34,2.6,0.18,1.1,0.32,0.83,"c(-91.6590805751916, 41.98864500264, 228.828968190606)"
213,Honey Locust,181,,10/25/2022,15105,GLTR1,Gleditsia triacanthos v. inermis,Thornless honeylocust,Honey Locust,22.7,4.5,Institutional,4015.96,3369.6,287.34,58.7,5,59.1,3.95,25.2,7.18,16.13,"c(-91.658942380995, 41.9886279592751, 228.971553650197)"
214,Honey Locust,155,,10/25/2022,15105,GLTR1,Gleditsia triacanthos v. inermis,Thornless honeylocust,Honey Locust,19.4,4.5,Institutional,2969.36,2282.4,194.63,46.3,3.95,53.9,3.6,23,6.55,14.11,"c(-91.6588114323, 41.9886670374726, 228.016284339068)"
215,Kentucky Coffee Tree,23,,10/25/2022,15400,GYDI1,Gymnocladus dioica,Kentucky Coffee tree,Other,2.9,4.5,Institutional,54.75,27.3,2.32,3.2,0.28,2,0.14,0.9,0.25,0.66,"c(-91.6588058331741, 41.9887777916483, 228.266932344013)"
216,Black Oak,24.5,,10/25/2022,5001,QUVE,Quercus velutina,Black oak,Oak,3.1,4.5,Institutional,80.93,33.8,2.88,4.1,0.35,2.2,0.14,0.9,0.26,0.76,"c(-91.6586561855319, 41.9888675581303, 228.202734490631)"
217,Swamp White Oak,24,,10/25/2022,4839,QUBI,Quercus bicolor,Swamp white oak,Oak,3,4.5,Institutional,78.3,51.6,4.4,6.5,0.56,2.4,0.16,1,0.29,1,"c(-91.6585467163861, 41.9889259689257, 227.309720169429)"
218,Swamp White Oak,27,,10/25/2022,4839,QUBI,Quercus bicolor,Swamp white oak,Oak,3.4,4.5,Institutional,94.98,64.7,5.52,7.4,0.63,2.9,0.19,1.2,0.35,1.17,"c(-91.6584982117053, 41.9890574365714, 226.546439396106)"
219,Swamp White Oak,23,,10/25/2022,4839,QUBI,Quercus bicolor,Swamp white oak,Oak,2.9,4.5,Institutional,78.3,48.6,4.15,6.3,0.54,2.3,0.15,1,0.27,0.96,"c(-91.6585942731682, 41.9891584399014, 226.01149972053)"
220,Red Oak,23,,10/25/2022,4970,QURU,Quercus rubra,Northern red oak,Oak,2.9,4.5,Institutional,78.3,18.4,1.57,2.5,0.22,3.1,0.21,1.3,0.38,0.8,"c(-91.6590745931181, 41.9896446785282, 225.49811336577)"
221,Red Oak,28,,10/25/2022,4970,QURU,Quercus rubra,Northern red oak,Oak,3.5,4.5,Institutional,100.65,29.1,2.48,3.3,0.28,4.5,0.3,1.9,0.54,1.13,"c(-91.6592359579727, 41.989801801269, 225.138833829124)"
222,Sugar Maple,85,,10/25/2022,1680,ACSA2,Acer saccharum,Sugar maple,Maple,10.7,4.5,Institutional,1325.5,526.9,44.93,12.9,1.1,34.4,2.3,14.7,4.19,7.58,"c(-91.6593000011517, 41.9898568717324, 224.631610965102)"
223,Kentucky Coffee Tree,26,,10/25/2022,15400,GYDI1,Gymnocladus dioica,Kentucky Coffee tree,Other,3.3,4.5,Institutional,62.56,35.9,3.06,3.8,0.32,2.5,0.17,1.1,0.3,0.79,"c(-91.6594434836331, 41.9898529586662, 225.424267926494)"
224,Tulip Tree,4,,10/25/2022,3852,LITU,Liriodendron tulipifera,Tulip tree,Other,0.5,4.5,Institutional,78.3,0.2,0.02,0.2,0.02,0.5,0.03,0.2,0.06,0.1,"c(-91.6595568392687, 41.9899680045541, 224.853038887447)"
225,Swamp White Oak,16,,10/25/2022,4839,QUBI,Quercus bicolor,Swamp white oak,Oak,2,4.5,Institutional,78.3,26.1,2.23,4.4,0.38,1.4,0.09,0.6,0.17,0.63,"c(-91.6596327248114, 41.9899373737875, 225.062150457128)"
226,Kentucky Coffee Tree,20.5,,10/25/2022,15400,GYDI1,Gymnocladus dioica,Kentucky Coffee tree,Other,2.6,4.5,Institutional,54.75,21.7,1.85,2.8,0.24,1.7,0.11,0.7,0.21,0.57,"c(-91.6597217384193, 41.9898877123749, 225.285487894939)"
227,Swamp White Oak,31.5,,10/25/2022,4839,QUBI,Quercus bicolor,Swamp white oak,Oak,3.9,4.5,Institutional,124.97,83.4,7.11,8.4,0.72,3.7,0.24,1.6,0.45,1.41,"c(-91.6598209248268, 41.9898265235676, 225.585819008019)"
228,Unidentified,16,,10/25/2022,,,,,Other,2,4.5,Institutional,,,,,,,,,,,"c(-91.6600016057427, 41.9897220880007, 225.627288398912)"
229,Scotch Pine,190,,10/25/2022,4498,PISY,Pinus sylvestris,Scots pine,Evergreen,23.8,4.5,Institutional,5700.64,1612.8,137.53,28.6,2.44,61.8,4.13,26.3,7.51,14.08,"c(-91.6598593589195, 41.9901370474433, 224.898748645049)"
230,White Ash,171,,11/9/2022,3378,FRAM,Fraxinus americana,White ash,Ash,21.4,4.5,Institutional,4611.02,2382,203.12,42,3.58,83.7,5.6,35.7,10.18,19.36,"c(-91.6576462794308, 41.9880966200275, 228.165519522539)"
231,Green Ash,159,,11/9/2022,3394,FRPE,Fraxinus pennsylvanica,Green ash,Ash,19.9,4.5,Institutional,3988.77,1152.7,98.3,22.8,1.95,77.3,5.17,32.9,9.4,16.51,"c(-91.6577647243877, 41.9880884633978, 228.194912805931)"
232,Honey Locust,218,,11/9/2022,15105,GLTR1,Gleditsia triacanthos v. inermis,Thornless honeylocust,Honey Locust,27.3,4.5,Institutional,5748.63,5339,455.29,58.6,5,58.7,3.93,25,7.14,16.07,"c(-91.657638162333, 41.9881883019836, 227.587096165009)"
233,Scotch Pine,176,,11/9/2022,4498,PISY,Pinus sylvestris,Scots pine,Evergreen,22.1,4.5,Institutional,4916.88,1387.9,118.35,26.5,2.26,63.6,4.25,27.1,7.73,14.24,"c(-91.6577890707555, 41.988162954771, 228.558145654859)"
234,Honey Locust,204,,11/9/2022,15105,GLTR1,Gleditsia triacanthos v. inermis,Thornless honeylocust,Honey Locust,25.6,4.5,Institutional,5071.16,4546.5,387.71,62.1,5.29,59.7,3.99,25.4,7.26,16.55,"c(-91.6578882425521, 41.9884348979384, 227.778568245888)"
235,Hawthorn,8,,11/9/2022,2733,CRPH,Crataegus phaenopyrum,Washington hawthorn,Other,1,4.5,Institutional,54.75,1.3,0.11,0.5,0.05,0.3,0.02,0.1,0.04,0.1,"c(-91.6580823695557, 41.9885519051783, 227.798383143261)"
236,Hawthorn,9,,11/9/2022,2733,CRPH,Crataegus phaenopyrum,Washington hawthorn,Other,1.1,4.5,Institutional,54.75,1.6,0.14,0.6,0.05,0.3,0.02,0.1,0.04,0.12,"c(-91.6581159753283, 41.988586130008, 227.279234848794)"
237,Hawthorn,9,,11/9/2022,2733,CRPH,Crataegus phaenopyrum,Washington hawthorn,Other,1.1,4.5,Institutional,54.75,1.6,0.14,0.6,0.05,0.3,0.02,0.1,0.04,0.12,"c(-91.6581448020678, 41.9886213407396, 226.965446298896)"
238,Honey Locust,192,,11/9/2022,15105,GLTR1,Gleditsia triacanthos v. inermis,Thornless honeylocust,Honey Locust,24.1,4.5,Institutional,4509.55,3910.9,333.5,63.8,5.44,59.8,4,25.5,7.27,16.71,"c(-91.6582242168025, 41.9887731431085, 226.888636495718)"
239,Unidentified,190,,11/9/2022,,,,,Other,23.8,4.5,Institutional,,,,,,,,,,,"c(-91.6584771172829, 41.9888537794909, 227.235746074073)"
240,Pin Oak,177,,11/9/2022,4952,QUPA,Quercus palustris,Pin oak,Oak,22.2,4.5,Institutional,4961.37,2218,189.14,41.3,3.52,112.4,7.52,47.9,13.67,24.71,"c(-91.6586162284755, 41.9885969246829, 229.741850088722)"
241,Honey Locust,181,,11/9/2022,15105,GLTR1,Gleditsia triacanthos v. inermis,Thornless honeylocust,Honey Locust,22.7,4.5,Institutional,4015.96,3369.6,287.34,58.7,5,59.1,3.95,25.2,7.18,16.13,"c(-91.6588932931043, 41.9885166136027, 229.033055703792)"
242,Honey Locust,186,,11/9/2022,15105,GLTR1,Gleditsia triacanthos v. inermis,Thornless honeylocust,Honey Locust,23.3,4.5,Institutional,4223.88,3595.5,306.61,61,5.21,59.5,3.98,25.3,7.23,16.41,"c(-91.6586590877154, 41.9883187009687, 229.53233846355)"
243,Unidentified,52,,11/9/2022,,,,,Other,6.5,4.5,Institutional,,,,,,,,,,,"c(-91.6584869743022, 41.9882630719547, 229.416143479861)"
244,Unidentified,99,,11/9/2022,,,,,Other,12.4,4.5,Institutional,,,,,,,,,,,"c(-91.6585732569313, 41.9882197406207, 229.716258762183)"
245,Unidentified,58,,11/9/2022,,,,,Other,7.3,4.5,Institutional,,,,,,,,,,,"c(-91.6587392162932, 41.9881928948944, 229.142552782009)"
246,Unidentified,52,,11/9/2022,,,,,Other,6.5,4.5,Institutional,,,,,,,,,,,"c(-91.6587162521978, 41.9882298138031, 229.463653984979)"
247,Honey Locust,206,,11/9/2022,15105,GLTR1,Gleditsia triacanthos v. inermis,Thornless honeylocust,Honey Locust,25.8,4.5,Institutional,5148.6,4635.7,395.32,61.7,5.27,59.7,3.99,25.4,7.25,16.51,"c(-91.658527593338, 41.988130480849, 229.796926046963)"
248,Unidentified,97,,11/9/2022,,,,,Other,12.2,4.5,Institutional,,,,,,,,,,,"c(-91.6584644042515, 41.9880534591506, 229.041174964099)"
249,Eastern Red Cedar,21,,11/9/2022,3721,JUVI,Juniperus virginiana,Eastern red cedar,Evergreen,2.6,4.5,Institutional,70.77,19.2,1.64,1.5,0.13,1.4,0.1,0.6,0.17,0.4,"c(-91.6584230230437, 41.9879991567829, 228.631169708532)"
250,Eastern Red Cedar,22,,11/9/2022,3721,JUVI,Juniperus virginiana,Eastern red cedar,Evergreen,2.8,4.5,Institutional,70.77,22.5,1.92,1.7,0.14,1.6,0.11,0.7,0.2,0.45,"c(-91.6583929255762, 41.9880135453292, 228.655273669714)"
251,Unidentified,228,,11/9/2022,,,,,Other,28.6,4.5,Institutional,,,,,,,,,,,"c(-91.6582861557243, 41.9879502771629, 228.870351915107)"
252,Scotch Pine,143,,11/9/2022,4498,PISY,Pinus sylvestris,Scots pine,Evergreen,17.9,4.5,Institutional,3229.41,902.3,76.94,21.2,1.81,62,4.15,26.4,7.54,13.5,"c(-91.6582666013677, 41.9879052098822, 229.304152147094)"
253,Scotch Pine,130,,11/9/2022,4498,PISY,Pinus sylvestris,Scots pine,Evergreen,16.3,4.5,Institutional,2679.77,743.1,63.37,19.2,1.63,58,3.88,24.7,7.06,12.57,"c(-91.6582181668663, 41.9878916874212, 229.467308767115)"
254,Scotch Pine,153,,11/9/2022,4498,PISY,Pinus sylvestris,Scots pine,Evergreen,19.2,4.5,Institutional,3713.85,1042,88.86,22.9,1.95,63.7,4.26,27.1,7.75,13.96,"c(-91.6581601258983, 41.9878977902261, 229.48224565539)"
255,Magnolia,43,,11/9/2022,3961,MAST,Magnolia stellata,Star magnolia,Other,5.4,4.5,Institutional,167.52,94.3,8.04,4.7,0.4,8,0.54,3.4,0.97,1.91,"c(-91.6580982418187, 41.9879343440465, 229.418621393938)"
256,Honey Locust,215,,11/9/2022,15105,GLTR1,Gleditsia triacanthos v. inermis,Thornless honeylocust,Honey Locust,26.9,4.5,Institutional,5585.31,5145.5,438.79,59.6,5.08,59.1,3.95,25.2,7.18,16.21,"c(-91.6580605332879, 41.9879871474797, 229.643231825065)"
257,Red Oak,10,,11/9/2022,4970,QURU,Quercus rubra,Northern red oak,Oak,1.3,4.5,Institutional,78.3,2.6,0.22,0.8,0.07,0.9,0.06,0.4,0.1,0.23,"c(-91.6581751232333, 41.9875165929782, 228.252330262639)"
258,Black Oak,257,,11/9/2022,5001,QUVE,Quercus velutina,Black oak,Oak,32.2,4.5,Institutional,10447.97,8298.4,707.65,96,8.19,78.3,5.23,33.3,9.52,22.94,"c(-91.6587955920088, 41.9871837698763, 230.317358981829)"
259,Scotch Pine,121,,11/9/2022,4498,PISY,Pinus sylvestris,Scots pine,Evergreen,15.2,4.5,Institutional,2331.73,642,54.75,17.7,1.51,54,3.61,23,6.57,11.7,"c(-91.6589627315567, 41.9872472623781, 229.912416782924)"
260,Scotch Pine,132,,11/9/2022,4498,PISY,Pinus sylvestris,Scots pine,Evergreen,16.5,4.5,Institutional,2745.67,762.3,65,19.4,1.66,58.7,3.92,25,7.13,12.71,"c(-91.6589168729241, 41.9872158788373, 230.090571214641)"
261,Scotch Pine,106,,11/9/2022,4498,PISY,Pinus sylvestris,Scots pine,Evergreen,13.3,4.5,Institutional,1787.83,483.6,41.24,15.3,1.3,45,3.01,19.2,5.47,9.78,"c(-91.6589169067868, 41.9871861471184, 230.130746204471)"
262,Scotch Pine,66,,11/9/2022,4498,PISY,Pinus sylvestris,Scots pine,Evergreen,8.3,4.5,Institutional,703.02,171.5,14.63,8.8,0.75,17,1.13,7.2,2.06,3.95,"c(-91.6588933048005, 41.9871537280899, 230.210183441721)"
263,Scotch Pine,110,,11/9/2022,4498,PISY,Pinus sylvestris,Scots pine,Evergreen,13.8,4.5,Institutional,1923.93,523.3,44.62,15.9,1.36,47.6,3.18,20.3,5.79,10.33,"c(-91.6588650748272, 41.9871230022865, 230.465167217771)"
264,Swamp White Oak,21,"A. Eastburg, C. Robledo",11/9/2022,4839,QUBI,Quercus bicolor,Swamp white oak,Oak,2.6,4.5,Institutional,78.3,40.2,3.43,5.7,0.49,1.9,0.13,0.8,0.23,0.85,"c(-91.6588308299191, 41.9870924800802, 230.748864433974)"
265,White Pine,212,,11/9/2022,4497,PIST,Pinus strobus,Eastern white pine,Evergreen,26.6,4.5,Institutional,7118.12,1866.6,159.17,34.1,2.91,104.6,6.99,44.5,12.71,22.62,"c(-91.6591334184731, 41.9870224724454, 230.165806530186)"
266,White Pine,158,,11/9/2022,4497,PIST,Pinus strobus,Eastern white pine,Evergreen,19.8,4.5,Institutional,3948.89,925.7,78.94,22.5,1.92,74.4,4.98,31.7,9.05,15.94,"c(-91.6592035325862, 41.9870721303475, 230.067830436608)"
267,Scotch Pine,141,,11/9/2022,4498,PISY,Pinus sylvestris,Scots pine,Evergreen,17.7,4.5,Institutional,3157.89,881.6,75.18,21,1.79,61.6,4.12,26.3,7.5,13.4,"c(-91.6592100182963, 41.9871172891759, 229.919878247875)"
268,Scotch Pine,62,,11/9/2022,4498,PISY,Pinus sylvestris,Scots pine,Evergreen,7.8,4.5,Institutional,622.17,149.2,12.72,8.2,0.7,14.6,0.98,6.2,1.78,3.46,"c(-91.6593183061327, 41.9871840005422, 229.881275546272)"
269,Scotch Pine,101,,11/9/2022,4498,PISY,Pinus sylvestris,Scots pine,Evergreen,12.7,4.5,Institutional,1631.13,437.9,37.34,14.5,1.23,41.7,2.79,17.8,5.07,9.09,"c(-91.6593609595784, 41.9872138516391, 229.650397549845)"
270,Hawthorn,57,,11/9/2022,2733,CRPH,Crataegus phaenopyrum,Washington hawthorn,Other,7.1,4.5,Institutional,513.14,151.7,12.94,8.4,0.72,4.3,0.28,1.8,0.52,1.52,"c(-91.6592262641189, 41.9872739890777, 229.703677146637)"
271,Sentry Linden,13,"E. Brinkman, M. Huse, R. Staples",11/9/2022,5857,TIAM,Tilia americana,American basswood,Other,1.6,4.5,Institutional,58.73,3,0.26,0.8,0.06,1.2,0.08,0.5,0.15,0.29,"c(-91.659152331773, 41.9872665702901, 229.369189142783)"
272,Green Ash,178,,11/9/2022,3394,FRPE,Fraxinus pennsylvanica,Green ash,Ash,22.3,4.5,Institutional,5006.07,1464.5,124.88,26.1,2.22,83.8,5.6,35.7,10.19,18.01,"c(-91.6588488840153, 41.9872688979072, 230.231592543495)"
273,Unidentified,63,,11/9/2022,,,,,Other,7.9,4.5,Institutional,,,,,,,,,,,"c(-91.6588759188597, 41.9873158074055, 229.828991337462)"
274,Unidentified,82,,11/9/2022,,,,,Other,10.3,4.5,Institutional,,,,,,,,,,,"c(-91.658924781739, 41.9873335054418, 229.782845652656)"
275,Scotch Pine,134,,11/9/2022,4498,PISY,Pinus sylvestris,Scots pine,Evergreen,16.8,4.5,Institutional,2846.01,791.3,67.48,19.8,1.69,59.5,3.98,25.4,7.24,12.9,"c(-91.6589774115297, 41.9873113242648, 229.693498792805)"
276,Red Oak,144,,11/9/2022,4970,QURU,Quercus rubra,Northern red oak,Oak,18,4.5,Institutional,3265.47,1552.9,132.43,33.4,2.84,70.8,4.74,30.2,8.61,16.19,"c(-91.6589651917509, 41.9873658674466, 229.390441197295)"
277,Scotch Pine,77,,11/9/2022,4498,PISY,Pinus sylvestris,Scots pine,Evergreen,9.6,4.5,Institutional,936.76,237.3,20.23,10.5,0.89,23.8,1.59,10.1,2.89,5.37,"c(-91.6590325423448, 41.9873404305054, 229.358829767732)"
278,Scotch Pine,92,,11/9/2022,4498,PISY,Pinus sylvestris,Scots pine,Evergreen,11.5,4.5,Institutional,1339.44,353.1,30.11,12.9,1.1,34.8,2.32,14.8,4.23,7.65,"c(-91.6590564618953, 41.9873753528733, 228.910192806152)"
279,Scotch Pine,111,,11/9/2022,4498,PISY,Pinus sylvestris,Scots pine,Evergreen,13.9,4.5,Institutional,1951.75,531.4,45.31,16,1.37,48.1,3.22,20.5,5.85,10.43,"c(-91.6590457592739, 41.9874071727639, 229.025317546975)"
280,Princeton Sentry Ginkgo,8,"M. Cavanagh, K. Mahlberg, L. Steege",11/9/2022,3452,GIBI,Ginkgo biloba,Ginkgo,Other,1,4.5,Institutional,97.88,0.4,0.04,0.1,0.01,0.5,0.04,0.2,0.06,0.11,"c(-91.6591777533192, 41.9874202567232, 228.752126464167)"
281,Common Hackberry,136,,11/9/2022,2302,CEOC,Celtis occidentalis,Northern hackberry,Other,17,4.5,Institutional,2913.91,210.4,17.94,4.4,0.37,80.5,5.38,34.3,9.79,15.54,"c(-91.6592846218957, 41.9875416808638, 228.437102391591)"
282,Unidentified,10.5,,11/9/2022,,,,,Other,1.3,4.5,Institutional,,,,,,,,,,,"c(-91.6591437851136, 41.9876214925177, 228.211304205838)"
283,Tulip Tree,10.5,,11/9/2022,3852,LITU,Liriodendron tulipifera,Tulip tree,Other,1.3,4.5,Institutional,78.3,2,0.17,0.9,0.08,0.8,0.05,0.3,0.1,0.23,"c(-91.6592117556533, 41.9876956011736, 228.065216949623)"
284,Black Oak,30,,11/9/2022,5001,QUVE,Quercus velutina,Black oak,Oak,3.8,4.5,Institutional,121.61,54.2,4.62,5.4,0.46,3.3,0.22,1.4,0.41,1.09,"c(-91.6592921632833, 41.9877758379245, 228.008341058199)"
285,Sugar Maple,29,,11/9/2022,1680,ACSA2,Acer saccharum,Sugar maple,Maple,3.6,4.5,Institutional,133.1,40.7,3.47,3,0.26,5.3,0.35,2.3,0.64,1.26,"c(-91.6595125544992, 41.9876092750708, 226.472804217552)"
286,Scotch Pine,138,,11/9/2022,4498,PISY,Pinus sylvestris,Scots pine,Evergreen,17.3,4.5,Institutional,3017.27,840.9,71.71,20.5,1.74,60.8,4.06,25.9,7.39,13.2,"c(-91.6596148535573, 41.9874533780174, 226.903314549383)"
287,Crabapple,95,,11/9/2022,3995,PYIO,Malus ioensis,Prairie crabapple,Crabapple,11.9,4.5,Institutional,1153.67,629.9,53.71,20.7,1.76,15.3,1.02,6.5,1.86,4.65,"c(-91.659714096961, 41.9873566633202, 226.623790676761)"
288,Crabapple,93,,11/9/2022,3995,PYIO,Malus ioensis,Prairie crabapple,Crabapple,11.7,4.5,Institutional,1120.52,604.3,51.53,20.2,1.72,14.8,0.99,6.3,1.8,4.52,"c(-91.6595709012179, 41.9871645490316, 227.89258976974)"
289,Scotch Pine,135,,11/9/2022,4498,PISY,Pinus sylvestris,Scots pine,Evergreen,16.9,4.5,Institutional,2879.86,801.1,68.32,19.9,1.7,59.8,4,25.5,7.27,12.97,"c(-91.6594963389151, 41.9871440457865, 228.978638258935)"
290,Colorado Blue Spruce,21,,11/9/2022,4431,PIPU,Picea pungens,Blue spruce,Evergreen,2.6,4.5,Institutional,97.88,18.2,1.55,1.4,0.12,1.2,0.08,0.5,0.15,0.34,"c(-91.6601545960264, 41.9881716304872, 226.12800352045)"
291,Colorado Blue Spruce,20,,11/9/2022,4431,PIPU,Picea pungens,Blue spruce,Evergreen,2.5,4.5,Institutional,97.88,16.9,1.44,1.3,0.11,1.1,0.08,0.5,0.14,0.32,"c(-91.6601411177192, 41.9882321562494, 226.186850540466)"
292,Colorado Blue Spruce,22,,11/9/2022,4431,PIPU,Picea pungens,Blue spruce,Evergreen,2.8,4.5,Institutional,97.88,21,1.79,1.5,0.13,1.3,0.09,0.6,0.16,0.38,"c(-91.66013213425, 41.9882857939732, 226.09566827368)"
293,Colorado Blue Spruce,21,,11/9/2022,4431,PIPU,Picea pungens,Blue spruce,Evergreen,2.6,4.5,Institutional,97.88,18.2,1.55,1.4,0.12,1.2,0.08,0.5,0.15,0.34,"c(-91.6601236519185, 41.9883414722702, 226.180523418408)"
294,Colorado Blue Spruce,21,,11/9/2022,4431,PIPU,Picea pungens,Blue spruce,Evergreen,2.6,4.5,Institutional,97.88,18.2,1.55,1.4,0.12,1.2,0.08,0.5,0.15,0.34,"c(-91.6601105342583, 41.988398146947, 226.494693645369)"
295,Honey Locust,130,,11/9/2022,15105,GLTR1,Gleditsia triacanthos v. inermis,Thornless honeylocust,Honey Locust,16.3,4.5,Institutional,2135.64,1486.1,126.73,35.7,3.04,44.7,2.99,19,5.43,11.46,"c(-91.6604521778259, 41.9884322839102, 222.145879525569)"
296,Colorado Blue Spruce,22,,11/9/2022,4431,PIPU,Picea pungens,Blue spruce,Evergreen,2.8,4.5,Institutional,97.88,21,1.79,1.5,0.13,1.3,0.09,0.6,0.16,0.38,"c(-91.6600136151319, 41.9883890402054, 227.307925341758)"
297,Colorado Blue Spruce,24,,11/9/2022,4431,PIPU,Picea pungens,Blue spruce,Evergreen,3,4.5,Institutional,97.88,24,2.04,1.6,0.14,1.5,0.1,0.6,0.18,0.42,"c(-91.6599709550879, 41.9883506667771, 227.561202079459)"
298,Colorado Blue Spruce,22,,11/9/2022,4431,PIPU,Picea pungens,Blue spruce,Evergreen,2.8,4.5,Institutional,97.88,21,1.79,1.5,0.13,1.3,0.09,0.6,0.16,0.38,"c(-91.6599289946393, 41.9883133412605, 227.934028915605)"
299,Crabapple,38,,11/9/2022,3995,PYIO,Malus ioensis,Prairie crabapple,Crabapple,4.8,4.5,Institutional,132.36,68.3,5.82,5.6,0.48,3.3,0.22,1.4,0.4,1.1,"c(-91.6599064632618, 41.9882557226314, 228.433855522195)"
300,Honey Locust,130,,11/9/2022,15105,GLTR1,Gleditsia triacanthos v. inermis,Thornless honeylocust,Honey Locust,16.3,4.5,Institutional,2135.64,1486.1,126.73,35.7,3.04,44.7,2.99,19,5.43,11.46,"c(-91.6599914822563, 41.9882310491564, 227.71511892011)"
301,Dogwood,43,,11/9/2022,2572,CODR,Cornus drummondii,Roughleaf dogwood,Other,5.4,4.5,Institutional,167.52,148.3,12.65,10.2,0.87,4,0.27,1.7,0.49,1.62,"c(-91.6596945128607, 41.9882224474541, 228.984261092194)"
302,Eastern Red Cedar,11,,11/9/2022,3721,JUVI,Juniperus virginiana,Eastern red cedar,Evergreen,1.4,4.5,Institutional,70.77,5.4,0.46,0.7,0.06,0.6,0.04,0.3,0.07,0.18,"c(-91.6600217066741, 41.9885105255574, 227.214026055798)"
303,Colorado Blue Spruce,23,,11/9/2022,4431,PIPU,Picea pungens,Blue spruce,Evergreen,2.9,4.5,Institutional,97.88,22.4,1.91,1.6,0.13,1.4,0.09,0.6,0.17,0.4,"c(-91.66002364586, 41.9884877230619, 227.321534727406)"
304,Eastern Red Cedar,12,,11/9/2022,3721,JUVI,Juniperus virginiana,Eastern red cedar,Evergreen,1.5,4.5,Institutional,70.77,6.2,0.53,0.8,0.07,0.7,0.04,0.3,0.08,0.19,"c(-91.6600266788153, 41.9884661687356, 227.434507256104)"
305,Eastern Red Cedar,11,,11/9/2022,3721,JUVI,Juniperus virginiana,Eastern red cedar,Evergreen,1.4,4.5,Institutional,70.77,5.4,0.46,0.7,0.06,0.6,0.04,0.3,0.07,0.18,"c(-91.6600107120392, 41.9884451584157, 227.581905943558)"
306,Eastern Red Cedar,10,,11/9/2022,3721,JUVI,Juniperus virginiana,Eastern red cedar,Evergreen,1.3,4.5,Institutional,70.77,4.7,0.4,0.7,0.06,0.6,0.04,0.2,0.07,0.16,"c(-91.6599940072287, 41.9884302256327, 227.69287904029)"
307,Eastern Red Cedar,11,,11/9/2022,3721,JUVI,Juniperus virginiana,Eastern red cedar,Evergreen,1.4,4.5,Institutional,70.77,5.4,0.46,0.7,0.06,0.6,0.04,0.3,0.07,0.18,"c(-91.6599777323435, 41.9884165139087, 227.665545582615)"
308,Swamp White Oak,21,,11/9/2022,4839,QUBI,Quercus bicolor,Swamp white oak,Oak,2.6,4.5,Institutional,78.3,40.2,3.43,5.7,0.49,1.9,0.13,0.8,0.23,0.85,"c(-91.6599621812113, 41.988404522187, 227.987808960249)"
309,Eastern Red Cedar,11,,11/9/2022,3721,JUVI,Juniperus virginiana,Eastern red cedar,Evergreen,1.4,4.5,Institutional,70.77,5.4,0.46,0.7,0.06,0.6,0.04,0.3,0.07,0.18,"c(-91.6599428794085, 41.9883893054734, 227.98397520618)"
310,Eastern Red Cedar,12,,11/9/2022,3721,JUVI,Juniperus virginiana,Eastern red cedar,Evergreen,1.5,4.5,Institutional,70.77,6.2,0.53,0.8,0.07,0.7,0.04,0.3,0.08,0.19,"c(-91.6599197524494, 41.9883747833751, 227.993377666578)"
311,Colorado Blue Spruce,23,,11/9/2022,4431,PIPU,Picea pungens,Blue spruce,Evergreen,2.9,4.5,Institutional,97.88,22.4,1.91,1.6,0.13,1.4,0.09,0.6,0.17,0.4,"c(-91.6598948827431, 41.9883802689447, 228.013359119788)"
312,Eastern Red Cedar,12,,11/9/2022,3721,JUVI,Juniperus virginiana,Eastern red cedar,Evergreen,1.5,4.5,Institutional,70.77,6.2,0.53,0.8,0.07,0.7,0.04,0.3,0.08,0.19,"c(-91.6598954055345, 41.9883571264574, 228.181339705536)"
313,Eastern Red Cedar,11,,11/9/2022,3721,JUVI,Juniperus virginiana,Eastern red cedar,Evergreen,1.4,4.5,Institutional,70.77,5.4,0.46,0.7,0.06,0.6,0.04,0.3,0.07,0.18,"c(-91.6598812548739, 41.9883395801186, 228.355435657079)"
314,Eastern Red Cedar,11,,11/9/2022,3721,JUVI,Juniperus virginiana,Eastern red cedar,Evergreen,1.4,4.5,Institutional,70.77,5.4,0.46,0.7,0.06,0.6,0.04,0.3,0.07,0.18,"c(-91.6598607763852, 41.9883273556525, 228.550366333875)"
315,Eastern Red Cedar,10,,11/9/2022,3721,JUVI,Juniperus virginiana,Eastern red cedar,Evergreen,1.3,4.5,Institutional,70.77,4.7,0.4,0.7,0.06,0.6,0.04,0.2,0.07,0.16,"c(-91.6598452584902, 41.98830533136, 228.272502837626)"
316,Eastern Red Cedar,11,,11/9/2022,3721,JUVI,Juniperus virginiana,Eastern red cedar,Evergreen,1.4,4.5,Institutional,70.77,5.4,0.46,0.7,0.06,0.6,0.04,0.3,0.07,0.18,"c(-91.6598204707036, 41.9882816939369, 228.408418865066)"
317,Honey Locust,120,,11/9/2022,15105,GLTR1,Gleditsia triacanthos v. inermis,Thornless honeylocust,Honey Locust,15,4.5,Institutional,1829.11,1212.2,103.37,31.5,2.69,39.8,2.66,17,4.84,10.19,"c(-91.6576397732805, 41.9880156908229, 228.411922866762)"
318,Norway Maple,60,,11/9/2022,1676,ACPL,Acer platanoides,Norway maple,Maple,7.5,4.5,Institutional,576.06,221.2,18.87,13.6,1.16,10.1,0.67,4.3,1.23,3.06,"c(-91.6577422127011, 41.9879923730212, 228.07686019606)"
319,Autumn Brillance Serviceberry,7,,11/9/2022,324,AM,Amelanchier,serviceberry spp,Other,0.9,4.5,Institutional,54.75,1.9,0.16,0.9,0.08,0.3,0.02,0.1,0.04,0.14,"c(-91.6563254317644, 41.9866207425264, 230.375305749175)"
